"GEOID20","assignment"
"37025012-12",6
"37025012-11",6
"37025012-10",6
"3700300T2T3",9
"3712500EKWD",1
"371370005AP",14
"3704300TUSQ",10
"37191000001",13
"3715900019A",6
"370510G3A-2",1
"37167000022",6
"370510G3A-1",1
"37167000021",6
"3700100003S",7
"37115GRAPEV",10
"37167000020",6
"37183004-05",5
"37125000WND",1
"37191000029",13
"37183004-04",5
"3700100003N",7
"37191000028",13
"37183004-03",5
"37191000027",13
"370210044.1",10
"37183004-02",5
"37191000026",13
"37183004-01",5
"37167000028",6
"37191000024",13
"3716300CLNE",4
"37167000027",6
"37167000026",6
"37167000025",6
"3700100003W",7
"37167000024",6
"37167000023",6
"37025012-03",6
"370810NWASH",11
"37023000066",9
"37023000065",9
"37123000STA",1
"37023000064",9
"37023000062",9
"37025012-09",6
"37147001501",14
"37025012-08",6
"37025012-06",6
"37025012-05",6
"37025012-04",6
"37147001509",14
"37147001507",14
"37147001506",14
"37191000018",13
"37191000017",13
"37023000070",9
"3714100LT18",4
"37191000016",13
"3712700P06A",13
"37147001503",14
"37191000015",13
"37191000014",13
"37067000405",12
"37191000013",13
"37067000404",12
"3712500WKWD",1
"3707700EAOX",13
"37067000403",12
"37067000402",12
"37067000401",12
"3713300HN14",4
"37175000TC1",10
"3703100ATSL",14
"371150SANDY",10
"37175000TC7",10
"3719700EBND",12
"37191000023",13
"37191000022",13
"37191000021",13
"3703100MASM",14
"3712700P05A",13
"370970000CD",9
"3719905-GRE",9
"3708700BE56",10
"371570000IR",11
"3719700DCRK",12
"370210050.1",10
"370970000CS",9
"3706100KENA",4
"37001000011",7
"37081000RC2",11
"37081000RC1",11
"3710900LS12",3
"371170000BG",14
"370210022.2",10
"3712700P08A",13
"371490TR123",10
"37001000013",7
"37125000BEN",1
"3703100BFT2",14
"3703100BFT1",14
"3710900LB34",3
"3708300CONC",13
"3705100LR63",1
"3705500KTHK",14
"370970000FT",9
"37001000001",7
"3708100H29B",11
"3716300GIDD",4
"3708100H29A",11
"37005000004",9
"3712700P07A",13
"37005000001",9
"37001000007",7
"370030000B1",9
"37001000005",7
"37025001-02",6
"37001000004",7
"37001000002",7
"370970000EM",9
"3719700SLIB",12
"37025001-08",6
"37025001-07",6
"370030000B2",9
"37025001-04",6
"37125000EWD",1
"37143BETHEL",14
"3719300113A",9
"370970DV2-A",9
"3708500PR16",5
"370070WADES",6
"3719903-EGY",9
"37155000041",1
"37155000040",1
"3703100BOGU",14
"3714500HLWY",7
"370970DV2-B",9
"37183016-06",8
"37183016-05",8
"37183016-04",8
"37183016-03",8
"37183016-02",8
"37183016-01",8
"3708500PR01",5
"370210041.1",10
"3703100IBSP",14
"3708500PR08",5
"3708500PR07",5
"37155000034",1
"37155000033",1
"3719908-CRA",9
"3703100CISL",14
"37155000030",1
"370830BUTWD",13
"37131SEABOA",13
"37025001-11",6
"37025001-10",6
"370210019.1",10
"37155000039",1
"37155000038",1
"37057000088",12
"37155000037",1
"37155000036",1
"37155000035",1
"37057000084",12
"3700700GULL",1
"37057000082",12
"3719300115A",9
"3704700P02B",4
"37057000076",12
"37057000074",12
"37057000072",12
"37147001101",14
"370810MON2B",11
"37057000070",12
"370810MON2A",11
"371170000HS",14
"37183016-09",8
"37183016-07",8
"37057000078",12
"3714500WDSD",7
"371170000HM",14
"3704700P01A",4
"37125000VSS",1
"3707500WEST",10
"3714701508B",14
"3714701508A",14
"37037000085",7
"37183016-11",8
"37183016-10",8
"3718100HTOP",13
"3715500005A",1
"371170000GR",14
"3705500CHCA",14
"371170000GN",14
"370210063.1",10
"3700500006A",9
"37051SL78-3",1
"371050000D2",7
"371050000D1",7
"37037000075",7
"37037000078",7
"3714701507B",14
"37065001401",13
"37099000CAN",10
"3703300ANDE",7
"37099000CAS",10
"371050000C2",7
"371370002OT",14
"371050000C1",7
"3707700OKHL",13
"37097000ST5",9
"37097000ST4",9
"37097000ST3",9
"37097000ST2",9
"37097000ST1",9
"3713300NM13",4
"37183005-08",5
"37183005-07",5
"37097000ST6",9
"371190238.1",3
"3707900WALS",13
"37083000HOL",13
"371050000E1",7
"370550000MH",14
"370450MULLS",3
"37183009-02",8
"3714100SC13",4
"37183009-01",8
"371050000E2",7
"3708100H19A",11
"37183005-06",5
"37125000WAB",1
"37183005-05",5
"37183005-03",5
"37183005-01",5
"37183009-03",8
"3714701504B",14
"3714701504A",14
"3708100H19B",11
"370830RINGW",13
"37181000EH1",13
"3719700BNVL",12
"371170000CR",14
"3705100CC17",1
"3705100CC16",1
"3705100CC15",1
"3705100CC14",1
"3705100CC13",1
"37119000207",3
"3705100CC12",1
"37119000206",3
"37119000205",2
"3705100CC10",1
"37119000203",2
"37119000202",3
"37119000201",2
"37119000200",3
"3705100CC19",1
"3705100CC18",1
"371010PR31B",8
"371010PR31A",8
"37119000209",3
"37119000208",3
"3705100LI65",1
"370830FAUCT",13
"37025008-00",6
"370210028.1",10
"37065000501",13
"3705100CC06",1
"3705100CC05",1
"3712700P20A",13
"3705100CC04",1
"3705100CC03",1
"370210015.1",10
"3707700WOEL",13
"37081000OR2",11
"3705100CC01",1
"37081000OR1",11
"3707700CRDM",13
"3707700CRDL",13
"3705100CC08",1
"3708500PR32",5
"3705100CC07",1
"3708500PR31",5
"37119000221",2
"37119000220",2
"37083000HPR",13
"371050000B2",7
"371050000B1",7
"37025004-13",6
"370810000GR",11
"370130SURBA",14
"37025004-12",6
"37119000229",2
"3705100CC34",1
"37025004-11",6
"37119000228",2
"3705100CC33",1
"37119000227",2
"3705100CC32",1
"37119000226",2
"37119000225",2
"37119000224",3
"3708500PR25",5
"3708500PR24",5
"37119000222",3
"3708500PR23",5
"371290000WB",4
"3708500PR20",5
"3714701505B",14
"370890000SM",10
"3714100SP15",4
"3714701505A",14
"371870000P2",14
"3708500PR29",5
"371870000P1",14
"3708500PR28",5
"3703900GCRK",10
"3708500PR26",5
"370890000SW",10
"37115REVERE",10
"371510000PR",11
"37119000210",3
"3705100CC27",1
"371050000A2",7
"3705100CC26",1
"371050000A1",7
"37025004-03",6
"3705100CC25",1
"3705100CC24",1
"37025004-01",6
"37119000218",2
"371870000P3",14
"37119000217",2
"37119000216",2
"3705100CC21",1
"37119000215",2
"37119000214",3
"37119000213",3
"37045KINGST",3
"37119000212",3
"37119000211",3
"37025004-09",6
"370890000RR",10
"37025004-08",6
"3705100CC29",1
"37065001001",13
"37119000219",2
"3710900BS26",3
"3705100CC31",1
"370210058.1",10
"37173000BC2",10
"370890000SB",10
"37173000BC1",10
"370890000SE",10
"3704300BRAS",10
"371510000SE",11
"370210006.1",10
"37055000WAN",14
"37095000OCK",14
"3700300000M",9
"371810000CC",13
"371510000SO",11
"3700300000W",9
"3703900HOTH",10
"3704500KM-S",3
"3704500KM-N",3
"3705100G11B",1
"371510000RN",11
"371510000RM",11
"37107000PH2",14
"37107000PH1",14
"3701900010B",4
"37183012-02",5
"37183012-01",5
"371110MAR-5",10
"371110MAR-4",10
"371110MAR-3",10
"371110MAR-2",10
"371110MAR-1",10
"370130WASH4",14
"370130WASH2",14
"370130WASH1",14
"3713300CR07",4
"3700300000E",9
"3708900HV-3",10
"3708900HV-2",10
"37125000CAR",1
"3708900HV-1",10
"37125000CAM",1
"370210001.1",10
"370890000NM",10
"370910000M2",13
"370890000NW",10
"370910000M1",13
"3707900HOOK",14
"370210049.1",10
"3707900MAUR",14
"370910000ML",13
"37179000021",6
"37081000GIB",11
"37065000102",13
"37065000101",13
"370210036.1",10
"3703300MILT",7
"371510000LC",11
"37179000027",6
"371510000LB",11
"3710900TA37",3
"37179000026",6
"37179000025",6
"37179000024",6
"37067000504",12
"371150BEECH",10
"37179000023",6
"37067000503",12
"37179000022",6
"37067000502",12
"37065000104",13
"37067000501",12
"37065000103",13
"371510000NM",11
"37183012-09",5
"37183012-08",5
"37099000GLV",10
"37183012-07",5
"3700300G1G2",9
"37183012-06",5
"37183012-05",5
"37183012-04",5
"37067000507",12
"37067000506",12
"3706100CYCK",4
"370890000RG",10
"37067000505",12
"371370001RB",14
"3706100CHAR",4
"37179000010",6
"37099000CFK",10
"37179000018",6
"37011000002",9
"37011000001",9
"37179000016",6
"371870000LM",14
"370890000PV",10
"37179000015",6
"37179000014",6
"37179000013",6
"37179000012",6
"370890000PR",10
"37179000011",6
"37143PARKVI",14
"37011000009",9
"37011000008",9
"37011000007",9
"37011000006",9
"37011000005",9
"37123000BIS",1
"37011000004",9
"37179000019",6
"37011000003",9
"37169001618",12
"37179000043",6
"37179000042",6
"37179000041",6
"37179000040",6
"370210023.3",10
"370210023.2",10
"37009000020",9
"370210014.3",10
"370210014.2",10
"3712700P22A",13
"3706100HALL",4
"37179000032",6
"37179000031",6
"37179000030",6
"37179000039",6
"37179000036",6
"37179000035",6
"370910000HV",13
"37179000034",6
"37179000033",6
"37119000243",2
"37119000242",3
"37119000241",3
"37119000240",3
"3714500MTTZ",7
"3703900PCHT",10
"3712700P21A",13
"370210054.2",10
"3709700SH-B",9
"37147000301",14
"3709700SH-A",9
"37011000013",9
"37011000012",9
"37049000016",14
"37011000011",9
"37011000010",9
"37049000011",14
"37183001-09",5
"37119000232",2
"37119000231",2
"37183001-07",5
"37119000230",2
"37183001-06",5
"37011000019",9
"37183001-05",5
"37011000018",9
"37183001-04",5
"37011000017",9
"37183001-03",5
"37011000016",9
"3713300RL09",4
"37011000015",9
"37049000019",14
"3712700P24A",13
"37011000014",9
"37119000239",3
"37049000017",14
"37037000020",7
"37119000237",2
"37119000236",2
"37119000235",2
"37119000234",2
"37119000233",2
"370450RIPPY",3
"3715700ED-1",11
"37183001-13",8
"37037000024",7
"37183001-12",8
"37183001-11",5
"37183001-10",5
"37037000021",7
"37049000005",14
"37049000003",14
"37049000002",14
"37131CREEKS",13
"3712700P23A",13
"37125000TLT",1
"37049000007",14
"3707300004S",14
"37183017-09",8
"3712900CF06",4
"3715500026A",1
"37025009-00",6
"3712900CF05",4
"37177000001",14
"370330PROVI",7
"37037000015",7
"3712900CF02",4
"3712900CF01",4
"37183017-10",8
"37123000LIT",1
"37183001-02",5
"37183001-01",5
"37179000007",6
"37179000006",6
"37179000005",6
"3706100ALBE",4
"37067000111",12
"37179000004",6
"37179000003",6
"37179000002",6
"3701300WDPD",14
"37125000PDN",1
"37179000001",6
"371510000TT",11
"37177000003",14
"37037000018",7
"37177000002",14
"371510000TR",11
"37183017-13",8
"3701700P202",4
"37183017-12",8
"3701700P201",4
"37183017-11",8
"37179000009",6
"37179000008",6
"37067000112",12
"37037000042",7
"3705100MR02",1
"3710900LW31",3
"371510000UG",11
"3708100G42B",11
"3710900SL24",3
"3708100G42A",11
"3710900LW18",3
"3714500SWST",7
"37037000045",7
"371510000SW",11
"37009000012",9
"37129000W25",4
"37183017-07",8
"37009000011",9
"37183017-06",8
"37129000W24",4
"37009000010",9
"371510000ST",11
"37183017-05",8
"37183017-04",8
"37129000W21",4
"37183017-03",8
"370910000UN",13
"37183017-02",8
"37183017-01",8
"370210032.1",10
"37009000018",9
"37009000017",9
"37009000016",9
"37129000W29",4
"37067000101",12
"371870000SC",14
"37009000015",9
"370210045.1",10
"37129000W28",4
"37009000014",9
"37037000030",7
"37129000W27",4
"37009000013",9
"37129000W26",4
"371190204.1",2
"3714100MT19",4
"371870000SK",14
"371510000TB",11
"3704900TE13",14
"3713300FS16",4
"37081000G13",11
"37081000G12",11
"37081000G11",11
"37081000G10",11
"3714100LU16",4
"37129000W13",4
"37129000W12",4
"37081000G19",11
"37081000G18",11
"37081000G17",11
"37081000G16",11
"37081000G15",11
"37009000009",9
"37009000008",9
"37081000G14",11
"37009000007",9
"37009000006",9
"37129000W18",4
"37009000004",9
"37129000W17",4
"37009000003",9
"37129000W16",4
"37009000002",9
"37129000W15",4
"3706100ROSE",4
"37081000G02",11
"37081000G01",11
"37081000G09",11
"37081000G08",11
"37081000G07",11
"3713100WOPO",13
"37081000G06",11
"37081000G05",11
"370910000WN",13
"37081000G04",11
"37081000G03",11
"3719901-BUR",9
"370630034-1",7
"3700100010N",7
"37081000G35",11
"370210010.1",10
"370830RR1-2",13
"37081000FR4",11
"37081000G34",11
"37081000G33",11
"37081000FR3",11
"37081000G32",11
"37081000FR2",11
"37081000FR1",11
"37081000G31",11
"3706100WALL",4
"37081000G30",11
"3712700P18A",13
"370630034-2",13
"3700100010S",7
"37129000W31",4
"37081000G39",11
"37129000W30",4
"37081000G38",11
"37081000G37",11
"37081000G36",11
"3704700P16B",4
"3714100CF11",4
"3708100JAM5",11
"3708100JAM4",11
"3714701512B",14
"3708100JAM3",11
"37037000006",7
"3714701512A",14
"3708100JAM2",11
"3708100JAM1",11
"37037000003",7
"37025002-03",6
"37025002-02",6
"37081000G24",11
"3705500STPT",14
"37025002-01",6
"37081000G23",11
"37081000G22",11
"37081000G21",11
"3712700P17A",13
"37081000G20",11
"3707300004N",14
"37037000009",7
"37025002-09",6
"37025002-08",6
"37001000103",7
"37025002-07",6
"37081000G29",11
"37025002-06",6
"37081000G28",11
"37025002-05",6
"37081000G27",11
"37081000G26",11
"37081000G25",11
"37055000COL",14
"370210067.1",10
"3714701511B",14
"3714701511A",14
"3708700CL-N",10
"37125000PBF",1
"37161000014",10
"3700100012N",7
"37161000013",10
"37161000011",10
"37067000055",12
"37067000054",12
"37067000053",12
"3708700CL-S",10
"37067000052",12
"37067000051",12
"3700100012W",7
"371510000BC",11
"37065000701",13
"37161000019",10
"3700100012S",7
"37161000018",10
"3716300WBRK",4
"370130BELHV",14
"3718100KITT",13
"371390NORTH",14
"3719911-PRI",9
"37067000043",12
"371510000AE",11
"3712700P19A",13
"37129000W03",4
"37067000042",12
"37001000129",7
"3716300GARL",4
"37001000128",7
"37001000127",7
"3714701102B",14
"37001000126",7
"3714701102A",14
"37001000125",7
"37001000124",7
"371510000AN",11
"370910000SJ",13
"37099000GCK",10
"37129000W08",4
"371510000AS",11
"37165000007",1
"371510000AR",11
"3700100012E",7
"37165000004",1
"3714701513B",14
"37165000003",1
"371370003BY",14
"3714701513A",14
"3703300LOCU",7
"37161000034",10
"371510000AW",11
"370150000C1",14
"37017000P70",4
"3716100003A",10
"37067000075",12
"37067000074",12
"37025005-00",6
"37067000073",12
"37067000072",12
"37183001-29",5
"37067000071",12
"37183001-28",8
"37183001-27",8
"37183001-26",8
"37183001-25",8
"37017000P75",4
"370150000C2",14
"37067000081",12
"37161000028",10
"37161000027",10
"37183001-35",8
"37183001-34",8
"37183001-33",5
"37081000SF4",11
"37183001-32",5
"37081000SF3",11
"37017000P60",4
"37183001-31",5
"3704900DFB9",14
"37067000067",12
"37081000SF2",11
"3704900N3N5",14
"37183001-30",8
"37067000066",12
"3700100009S",7
"37081000SF1",11
"37067000065",12
"37049000023",14
"37067000064",12
"37067000063",12
"37049000021",14
"37067000062",12
"37049000020",14
"37183001-19",8
"37067000061",12
"37183001-18",8
"37183001-17",8
"37183001-16",5
"37161000029",10
"37183001-15",8
"37017000P65",4
"37183001-14",8
"3719700NBCK",12
"37067000068",12
"37147001201",14
"37161000030",10
"37131RICH-S",13
"37183001-23",5
"37183001-22",8
"37183001-21",8
"37183001-20",8
"37067000012",12
"3706100WARS",4
"37067000011",12
"37125000SSP",1
"37183001-49",5
"37183001-48",5
"3708100NDRI",11
"37183001-47",8
"3714500RCTL",7
"37067000015",12
"3713300NR02",4
"37183006-07",5
"37067000014",12
"3716300PLVW",4
"37183006-06",5
"37067000013",12
"37183006-05",5
"37183006-04",5
"3714701510A",14
"3707900CAST",14
"370950000SQ",14
"37017000P80",4
"37183001-51",5
"3708700WS-2",10
"37183001-50",8
"3708700WS-1",10
"370210064.1",10
"3714701510B",14
"37183001-39",8
"37183001-38",8
"37055000KDH",14
"37183001-37",8
"37183001-36",5
"370210051.2",10
"37173ALMOND",10
"370630030-2",13
"370630030-1",13
"3715500018A",1
"3700100006W",7
"37183001-46",8
"37165006-89",1
"37183001-45",5
"37183001-44",8
"3700100006S",7
"37183001-43",8
"37183001-42",8
"37067000034",12
"37183001-41",5
"37067000033",12
"37183001-40",8
"37067000032",12
"37067000031",12
"3714500PNTH",7
"37017000P35",4
"37017000P30",4
"37083000HAL",13
"3713100JARE",13
"3714900GC09",10
"3708100FEN2",11
"3708100FEN1",11
"37183006-09",5
"37183006-08",5
"37001000064",7
"37001000063",7
"37067000021",12
"37183006-10",5
"37017000P25",4
"371510000GR",11
"3700100006E",7
"3701900010A",4
"3700100006N",7
"370210038.3",10
"370210038.2",10
"37055000BUX",14
"37081000G57",11
"37081000G56",11
"37081000G55",11
"3700100008S",7
"37081000G54",11
"37081000G53",11
"37081000G52",11
"3719700FBSH",12
"37081000G51",11
"37081000G50",11
"37017000P55",4
"3703900TOPT",10
"37081000G59",11
"37081000G58",11
"3714100PL10",4
"3708100STOK",11
"3700100009N",7
"37081000G46",11
"3714500ROX4",7
"37017000P40",4
"37081000G45",11
"37081000G44",11
"37081000G43",11
"3710900PC22",3
"37017000P45",4
"37081000G49",11
"37081000G48",11
"37045BETHWR",3
"37081000G47",11
"3703900CSON",10
"3700100008N",7
"37081000G71",11
"37081000G70",11
"3716300AUTR",4
"37139000SAL",14
"37123000CHE",1
"37081000G75",11
"37081000G74",11
"37081000G73",11
"37081000G72",11
"37065000601",13
"370210016.2",10
"3706100BEUL",4
"3702700PR14",9
"3704300SHCR",10
"3702700PR13",9
"3703900UNKA",10
"37081000G60",11
"3707500STEC",10
"3702700PR18",9
"3702700PR17",9
"3702700PR16",9
"371510000DR",11
"37081000G68",11
"3700700LILE",1
"37081000G67",11
"37081000G66",11
"37081000G65",11
"37081000G64",11
"37081000G63",11
"37081000G62",11
"37081000G61",11
"3702700PR02",9
"3702700PR01",9
"37081000G69",11
"37123000CAN",1
"3702700PR08",9
"3702700PR07",9
"370910000CM",13
"37119000081",3
"37119000080",3
"370910000CO",13
"37115WALNUT",10
"3714900CL08",10
"3714900CL07",10
"37119000089",3
"37119000088",2
"3702700PR35",9
"37119000087",2
"3702700PR34",9
"37119000086",2
"3702700PR33",9
"37119000085",2
"37067000908",12
"3702700PR32",9
"37119000084",2
"37067000907",12
"3702700PR31",9
"37119000083",2
"37067000906",12
"3702700PR30",9
"37119000082",2
"37067000905",12
"37067000904",12
"37067000903",12
"37067000902",12
"37143EAST-H",14
"37067000901",12
"37065001101",13
"37067000909",12
"371810000WH",13
"3707700BTNR",13
"37113000007",10
"37113000006",10
"37113000005",10
"37119000070",2
"37113000004",10
"370210060.4",10
"37113000003",10
"37113000002",10
"370210060.2",10
"37113000001",10
"37067000083",12
"37067000082",12
"3714100GR06",4
"3710900ST36",3
"3702700PR25",9
"37119000077",2
"3702700PR24",9
"37119000076",2
"37119000075",2
"3702700PR22",9
"37113000009",10
"37119000074",2
"3702700PR21",9
"37113000008",10
"37119000073",2
"37119000072",2
"3717300WHCH",10
"37119000071",2
"3702700PR29",9
"37067000092",12
"3700700PEAC",6
"37119000079",3
"37067000091",12
"370810G40A2",11
"370810G40A1",11
"37045SHANGI",3
"37167000212",6
"37063055-49",13
"370210007.1",10
"370910000A3",13
"370910000A2",13
"370910000A1",13
"37119000092",2
"37119000091",2
"37119000090",2
"37119000099",2
"37119000098",2
"37119000097",2
"37119000096",2
"37119000095",2
"37119000094",2
"37119000093",2
"3708100G41B",11
"3708100G41A",11
"37113000010",10
"370830WEL-3",13
"3708100JEF4",11
"3713300HU20",14
"3708100JEF3",11
"3708100JEF2",11
"3708100JEF1",11
"37113000015",10
"37113000014",10
"37113000013",10
"37113000012",10
"37113000011",10
"3708100G40B",11
"3714100MH07",4
"37079000SH1",13
"3710900HC33",3
"370910000BR",13
"37181000SH2",13
"37181000SH1",13
"370210046.1",10
"37125000LTR",1
"3700300S1S2",9
"370210037.1",10
"37065000201",13
"3712500PHB2",1
"3712500PHB1",1
"370130CHOCO",14
"370210029.2",10
"37067000603",12
"37067000602",12
"37067000601",12
"370870000AC",10
"3706100FAIS",4
"37067000607",12
"37067000606",12
"37067000605",12
"37067000604",12
"371190078.1",2
"37111FORT-2",10
"37111FORT-1",10
"3712500PHA2",1
"3712500PHA1",1
"370830LIT-2",13
"370830LIT-1",13
"37063055-11",7
"3701300NCRK",14
"3705500DUCK",14
"370210011.1",10
"370210024.1",10
"37147000901",14
"3710900BC13",3
"3710900CF19",3
"371370002SW",14
"37041000005",14
"37041000004",14
"37041000003",14
"37041000002",14
"37041000001",14
"370130BEADM",14
"3707900SUGG",14
"37041000006",14
"37123000PEE",1
"370210059.1",10
"3708300ENF1",13
"3716300KEEN",4
"37115EBBS-C",10
"3713300JA01",4
"37171000029",12
"37171000028",12
"37131GALATI",13
"37171000027",12
"37171000026",12
"3713300GB12",4
"37171000025",12
"37171000024",12
"37171000023",12
"37135000CS1",7
"37171000022",12
"3710700000I",14
"37171000032",12
"37131GASTON",13
"37171000031",12
"37171000030",12
"3703100CCCP",14
"3710700000C",14
"370330000PH",7
"37171000018",12
"3710700000N",14
"37171000017",12
"37171000016",12
"37171000015",12
"37171000013",12
"37171000012",12
"37171000011",12
"3710700000W",14
"3710700000V",14
"3704300HIAW",10
"370130WASHP",14
"3703100WILD",14
"37171000019",12
"37097000CC4",9
"37097000CC3",6
"37097000CC2",9
"370210002.1",10
"37097000CC1",6
"37183013-09",8
"37183013-08",8
"37183013-07",8
"37183013-06",8
"3714100SH12",4
"37183013-05",8
"37067000207",12
"37067000206",12
"3719700NFAL",12
"37067000205",12
"37067000204",12
"37067000203",12
"37143BELVID",14
"37067000201",12
"37183013-11",8
"37183013-10",8
"37147001301",14
"370210033.3",10
"370210033.2",10
"370210042.1",10
"3706100WOLF",4
"37071000029",3
"37071000028",3
"3714500CUCL",7
"37071000027",3
"37071000026",3
"370530000WH",14
"371810000NH",13
"37071000025",3
"37071000024",3
"37071000023",3
"37111N.COVE",10
"37183013-02",8
"37183013-01",8
"3705100MB62",1
"37071000033",3
"37071000032",3
"37071000031",3
"37123000UWH",1
"37071000030",3
"37181000NH1",13
"37191001920",13
"37071000019",3
"3706100LOCK",4
"37071000018",3
"37071000017",3
"37071000016",3
"37071000015",3
"37071000014",3
"370630035.3",7
"37071000013",3
"37071000012",3
"3712900FP08",4
"3712900FP07",4
"3712900FP06",4
"3712900FP04",4
"3712900FP03",4
"37135000EA1",7
"370210020.1",10
"370530000PP",14
"37071000022",3
"37071000021",3
"37071000020",3
"37025010-00",6
"370490000N2",14
"370490000N1",14
"3715500032A",1
"3710900IS20",3
"37071000046",3
"3713500000H",7
"37071000045",3
"370490000N6",14
"3703100WIHA",14
"3705100SH77",1
"370490000N4",14
"3710900IS23",3
"37111CCREEK",10
"3706100CHIN",4
"37045POLKVL",3
"37081000H23",11
"37081000H22",11
"37183018-08",5
"37081000H21",11
"37183018-07",8
"370510G2E-1",1
"37183018-06",5
"37171000005",12
"37183018-05",5
"37171000004",12
"37183018-04",8
"37071000039",3
"37183018-03",5
"3708100NMAD",11
"370530000PB",14
"37071000038",3
"37183018-02",5
"37071000037",3
"37171000001",12
"37183018-01",5
"37071000036",3
"3714900CG05",10
"37071000035",3
"37125000DHR",1
"37131LASKER",13
"37071000034",3
"37081000H28",11
"37081000H26",11
"37081000H25",11
"37081000H24",11
"37171000009",12
"3709700CH-B",9
"3709700CH-A",9
"370210055.1",10
"370510G2E-2",1
"370130PANTE",14
"370210068.1",10
"37171000010",12
"37071000044",3
"37071000043",3
"37071000042",3
"37071000041",3
"37147000401",14
"37071000040",3
"37037ESC114",7
"37103000P06",14
"3710900WP32",3
"37103000P05",14
"37103000P04",14
"37103000P03",14
"37103000P02",14
"37065000801",13
"37103000P01",14
"37103000P07",14
"3706100MAGN",4
"371190107.1",3
"3703100MCRK",14
"3714100CT03",4
"3707700TYHO",13
"3716300KFRK",4
"370810H27-A",11
"37071000008",3
"37071000007",3
"37071000006",3
"37071000005",3
"37071000004",3
"37071000003",3
"37071000002",3
"37071000001",3
"37119000045",2
"37119000044",2
"37119000043",2
"37119000042",2
"3711100NEBO",10
"37119000041",3
"370810H27-B",11
"37119000040",3
"37071000009",3
"37025003-00",6
"37119000049",2
"37119000048",2
"37119000047",2
"37071000011",3
"37119000046",2
"37071000010",3
"37111GLENWD",10
"370630053-2",7
"370630053-1",7
"3717900017B",6
"3719909-SOU",9
"3717900017A",6
"37119000034",2
"37119000033",2
"37119000032",2
"37119000031",2
"37119000030",2
"37169000017",12
"37063000054",7
"37169000015",12
"37169000014",12
"37169000013",12
"3714500FLRI",7
"37169000012",12
"37119000039",2
"37169000011",12
"37119000038",2
"37169000010",12
"37119000037",2
"37119000036",2
"371070000SH",14
"37119000035",2
"3703300YANC",7
"37081000H12",11
"371750000BD",10
"37081000H11",11
"3705100CU02",1
"37081000H10",11
"371070000T2",14
"371070000T1",14
"37123000MTG",1
"37037NWM117",7
"37081000H18",11
"37081000H17",11
"3708700000P",10
"37081000H16",11
"371070000SW",14
"37081000H15",11
"37119000067",2
"37081000H14",11
"37119000066",2
"37063000048",7
"37081000H13",11
"37119000065",2
"37063000047",13
"37119000064",2
"37063000046",7
"37139000PRO",14
"37119000063",2
"37063000045",7
"37119000062",2
"37063000044",7
"37119000061",2
"37063000043",7
"37119000060",2
"37063000042",13
"37169000004",12
"37169000003",12
"3714500OLHI",7
"37169000002",12
"37169000001",12
"370130PINET",14
"37119000069",2
"37119000068",2
"3704900CLR4",14
"37169000009",12
"37081000H01",11
"37169000008",12
"37169000007",12
"3716300NGRV",4
"37063000052",13
"37063000051",7
"37063000050",7
"3716300HARR",4
"37081000H09",11
"370210061.1",10
"37081000H08",11
"3719910-PEN",9
"37081000H07",11
"37081000H06",11
"3703900ANNW",10
"37081000H05",11
"37081000H04",11
"37119000056",2
"37081000H03",11
"37119000055",2
"371370004HB",14
"37081000H02",11
"37119000054",2
"37119000053",3
"371750000B4",10
"370210052.1",10
"371750000B3",10
"37119000052",2
"37119000051",2
"371750000B2",10
"37119000050",2
"371750000B1",10
"370290000SM",14
"37119000059",2
"37183002-03",5
"370290000SH",14
"37119000058",2
"37183002-02",5
"370150000M2",14
"37119000057",2
"37183002-01",5
"370150000M1",14
"37081000CG2",11
"3714900SA04",10
"37081000CG1",11
"37067000133",12
"37067000132",12
"37067000131",12
"370510G5A-2",1
"370510G5A-1",1
"371810000NV",13
"37169000020",12
"37045GROVER",3
"37119000001",2
"37115MARS-H",10
"370130GILEA",14
"3706100GLIS",4
"371750000DR",10
"37025006-00",6
"37119000009",2
"37099000CUL",10
"37119000008",2
"37119000007",2
"37119000006",2
"37119000005",2
"37119000004",2
"3704700P26B",4
"37119000003",2
"37119000002",2
"37173ALARKA",10
"371750000CC",10
"370210008.3",10
"37067000122",12
"371190223.1",3
"370210008.2",10
"3708100SDRI",11
"37177000016",14
"37177000015",14
"371750000CM",10
"37177000014",14
"37063000016",7
"37063000015",13
"3700300LRSL",9
"37063000014",13
"37063000013",13
"3714100UT14",4
"37063000012",13
"37067000123",12
"37063000010",7
"37125000PHC",1
"3716300HERR",4
"370210039.3",10
"370210039.2",10
"3704700P25B",4
"37063000019",13
"37063000018",13
"37063000017",13
"3716300LAKE",4
"37183002-06",5
"37183002-05",5
"37183002-04",8
"37111T.COVE",10
"37119000023",3
"37063000005",7
"37119000022",2
"37063000004",7
"37119000021",2
"37063000003",7
"37119000020",2
"37063000002",7
"37063000001",7
"37115LAUREL",10
"370150000MH",14
"37119000029",2
"37119000028",2
"37119000027",2
"37063000009",7
"37119000026",3
"37063000008",7
"37119000025",3
"37063000007",7
"37119000024",3
"37063000006",7
"37055000HAT",14
"371010PR11B",8
"371010PR11A",8
"37119000012",3
"37063000038",7
"37119000011",2
"37063000037",7
"37119000010",2
"37063000036",7
"3707900SHIN",13
"3716100010A",9
"37063000033",7
"37063000032",5
"3703100MHD4",14
"37063000031",13
"3703100MHD3",14
"3703100MHD2",14
"37119000019",2
"3703100MHD1",14
"37045OAKGRV",3
"37119000018",2
"37119000017",2
"37119000016",3
"37119000015",2
"37119000014",2
"37119000013",2
"37063000039",7
"3719500PROL",13
"3710900DV08",3
"37143NEW-HO",14
"37081000PG2",11
"37081000PG1",11
"37063000041",7
"37063000040",7
"3714100NB01",4
"37051EO61-2",1
"371010PR10A",8
"37051EO61-1",1
"37065000301",13
"3713300ML23",4
"3716100009A",10
"370870000WW",10
"3703900HIWA",10
"37063000027",7
"37063000026",7
"3708100SMAD",11
"37063000025",7
"37063000024",7
"37063000023",7
"37063000022",13
"37063000021",7
"37063000020",7
"37045LAWNDL",3
"370130AUROR",14
"371010PR10B",8
"370530000CB",14
"37063000029",13
"37063000028",7
"3713300BC21",14
"3710100PR30",8
"370210070.1",10
"370530000CJ",14
"370530000CI",14
"37135000UNC",7
"370530000CH",14
"3710100PR38",8
"3710100PR37",8
"3710100PR36",8
"3710100PR35",8
"3710100PR34",8
"3710100PR33",8
"3710100PR32",8
"3719500PRSA",13
"370510G9B-2",1
"370510G9B-1",1
"3710100PR20",8
"370870000WE",10
"3714100CS04",4
"3707500EAST",10
"370870000WC",10
"370870000WO",10
"3710100PR28",8
"3710100PR26",8
"3710100PR25",8
"3710100PR24",8
"3710100PR22",8
"3710100PR21",8
"3706100CALY",4
"3710900NB35",3
"370150000IW",14
"37183020-17",5
"37183020-16",5
"37183020-15",5
"37183020-14",5
"37183020-12",5
"37183020-11",5
"370130PSJW3",14
"371471403A1",14
"3703100EMIS",14
"37143NICANO",14
"37183020-05",5
"37183020-04",5
"37183020-03",5
"3716100005A",10
"37183020-01",5
"3713701AL-A",14
"37183020-09",5
"37183020-08",5
"3719700SFAL",12
"370150000SN",14
"370210004.1",10
"3707900ARBA",13
"37183020-10",5
"37129000M04",4
"37129000M03",4
"37129000M02",4
"3703100BCRK",14
"3716100004A",10
"37129000M07",4
"37129000M06",4
"370150000W2",14
"370150000W1",14
"370870000SA",10
"370150000WD",14
"3703300STON",7
"37023000012",9
"37023000011",9
"370150000WH",14
"371471403A2",14
"37023000019",9
"37023000018",9
"37023000015",9
"37023000014",9
"37023000013",9
"371150SOUTH",10
"371070000FC",14
"3716100006A",10
"3705100AL51",1
"3701300OLDF",14
"37023000001",9
"370210047.1",10
"37025011-02",6
"37025011-01",6
"3714700800B",14
"3714700800A",14
"3714900WO06",10
"370210034.1",10
"37023000003",9
"37183007-09",5
"3703900ANSW",10
"37183007-11",5
"37183007-10",5
"3703100HAIS",14
"370130000HB",14
"370210017.1",10
"37023000034",9
"3711700000J",14
"37023000031",9
"37183007-13",5
"37183007-12",5
"37023000039",9
"37023000038",9
"370530000KI",14
"37023000036",9
"37023000035",9
"3703100DASW",14
"3711700000W",14
"3708100MON3",11
"3708100MON1",11
"37023000022",9
"37183007-07",5
"37111PLEASA",10
"37023000021",9
"37183007-06",5
"37023000020",9
"37183007-05",5
"37183007-04",5
"37183007-03",5
"37183007-02",5
"37183007-01",5
"370150000RX",14
"37023000024",9
"37099000RIV",10
"371010PR12B",8
"371010PR12A",8
"370210012.1",10
"37147000601",14
"37065001202",13
"37065001201",13
"370530000MY",14
"37065001205",13
"3712700P02A",13
"37065001204",13
"37065001203",13
"3703300LEAS",7
"37159000004",6
"37159000003",6
"37159000002",6
"37159000001",6
"370210069.1",10
"370830RR-11",13
"370830RR-10",13
"37159000009",6
"37159000008",6
"3719500PRST",13
"37159000007",6
"3719500PRSP",13
"37125000RBN",1
"3703100MERR",14
"3712700P01A",13
"3713704MSIC",14
"37003T1T4T5",9
"370290000CH",14
"3719500PRTA",13
"3719500PRTO",13
"3713300BM08",4
"3716300TURK",4
"3719500PRWB",13
"3719500PRWA",13
"37183010-04",8
"3712700P04A",13
"37183010-03",8
"370530000GW",14
"37183010-02",8
"37183010-01",8
"3719500PRWJ",13
"3719500PRWI",13
"3719500PRWH",13
"3719500PRWE",13
"37159000027",6
"3719500PRWD",13
"37159000026",6
"3719500PRWC",13
"37159000025",6
"3719500PRWR",13
"37159000024",6
"3719500PRWQ",13
"37159000023",6
"3719500PRWP",13
"37159000022",6
"37159000021",6
"3719500PRWN",13
"3719500PRWM",13
"3719500PRWL",13
"3719500PRWK",13
"3704300HAY2",10
"3704300HAY1",10
"37159000029",6
"37159000028",6
"3712700P03A",13
"37159000016",6
"3717900028D",6
"3717900028C",6
"37159000015",6
"3717900028B",6
"37159000013",6
"3717900028A",6
"37159000012",6
"37131SEVERN",13
"3701300RVRD",14
"37159000011",6
"37159000010",6
"370210003.1",10
"37193000128",9
"37193000127",9
"37193000126",9
"37193000125",9
"37159000018",6
"37193000124",9
"37193000123",9
"37159000017",6
"37193000122",9
"370530000IR",14
"37193000121",9
"37059000006",12
"3707700SASS",13
"37059000005",12
"37131COMIPE",13
"37059000004",12
"3704700P20A",4
"37059000003",12
"37059000002",12
"37193000129",9
"37059000001",12
"37155000001",1
"37059000009",12
"37155000009",1
"37059000008",12
"37155000008",1
"37059000007",12
"37155000007",1
"371350000WD",7
"37155000004",1
"371350000WC",7
"37155000003",1
"37155000002",1
"370210043.2",10
"37193000117",9
"37193000114",9
"37193000112",9
"37193000111",9
"371350000WH",7
"370210030.3",10
"370210030.2",10
"3716300ROWA",4
"3713300TL06",4
"3707700MTEN",13
"37193000119",9
"37193000118",9
"37067000702",12
"3707700CORI",13
"37067000701",12
"37193000120",9
"3713300VR15",4
"37067000709",12
"37057000044",12
"37067000708",12
"37067000707",12
"37057000042",12
"37067000706",12
"3713300MT24",14
"37067000705",12
"370130EDWAR",14
"37057000040",12
"3713300EN03",4
"37067000704",12
"37067000703",12
"371390SOUTH",14
"37057000048",12
"370870000HA",10
"37057000046",12
"3719500PRBL",13
"3704700P22A",4
"37155000023",1
"37155000022",1
"37155000021",1
"37155000020",1
"37045MRB-YO",3
"37155000029",1
"37155000028",1
"37057000032",12
"37155000025",1
"37155000024",1
"37057000030",12
"37057000038",12
"3713300CL10",4
"37037MCH110",7
"37057000036",12
"37057000034",12
"370210025.1",10
"37059000014",12
"37059000013",12
"37059000012",12
"3701300TCRK",14
"37155000012",1
"37059000011",12
"37155000011",1
"37169001819",11
"37059000010",12
"37155000010",1
"370870000IH",10
"371150NORTH",10
"37155000019",1
"371350000WW",7
"37155000017",1
"37155000016",1
"37057000066",12
"37155000015",1
"37155000014",1
"37057000064",12
"37155000013",1
"37057000062",12
"37057000060",12
"3703100ABCH",14
"370870000JC",10
"37057000068",12
"37051000G5C",1
"371070000K5",14
"37083000RRC",13
"370210065.1",10
"371070000K4",14
"371070000K3",14
"37165005-10",1
"371070000K2",14
"371070000K1",14
"3713300WN04",4
"371070000K9",14
"37183003-00",5
"371070000K8",14
"371070000K7",14
"371070000K6",14
"37057000054",12
"37135000WDS",7
"37057000052",12
"3708100SUM4",11
"3708100SUM3",11
"370450CASAR",3
"37057000050",12
"3708100SUM2",11
"371350000SJ",7
"3708100SUM1",11
"370210056.2",10
"370870000ID",10
"3719700NKNB",12
"37057000058",12
"37147000501",14
"37057000056",12
"37051000G4C",1
"371070000MH",14
"37051000G4B",1
"37051000G4A",1
"3703100PELE",14
"370870000CE",10
"37183014-02",8
"37183014-01",5
"3716300ROSE",4
"37193000106",9
"37193000105",9
"37193000104",9
"37193000103",9
"370870000CR",10
"37193000102",9
"37057000008",12
"37193000101",9
"371350000RF",7
"371350000RE",7
"37057000006",12
"37057000004",12
"37193000109",9
"37193000108",9
"371350000TO",7
"37193000107",9
"37051000G7B",1
"37051000G7A",1
"370870000BC",10
"371230000T2",1
"371230000T1",1
"37189000020",9
"370890000CC",10
"370890000CB",10
"3713300HM05",4
"3709500SLAD",14
"37051000G6C",1
"370230047-B",9
"3713900EAST",14
"371350000SM",7
"37051000G6B",1
"370230047-A",9
"3716300INGO",4
"37051000G6A",1
"3714701403B",14
"370870000EF",10
"37129000H02",4
"37129000H01",4
"37057000022",12
"37057000020",12
"37129000H08",4
"370890000BC",10
"37129000H06",4
"371750000WC",10
"37129000H05",4
"371350000TH",7
"37129000H04",4
"37129000H03",4
"37057000028",12
"3709300006B",1
"37057000026",12
"370890000BK",10
"37057000024",12
"37159000041",6
"3705500AVON",14
"3710100PR14",8
"3710100PR13",8
"37159000040",6
"3703100NPT2",14
"3703100NPT1",14
"3718100MIDD",13
"3713300SW19",14
"3710100PR19",8
"37051000G1B",1
"37159000045",6
"37051000G1A",1
"37159000044",6
"37057000010",12
"37159000042",6
"370890000EF",10
"37147001001",14
"3716300MING",4
"370890000ED",10
"371330NE22B",4
"37057000018",12
"371330NE22A",14
"3715700LK-2",11
"37057000016",12
"37057000014",12
"37057000012",12
"3710100PR04",8
"37159000030",6
"3704300HAYC",10
"37067000306",12
"37067000305",12
"37067000304",12
"370890000EV",10
"37067000303",12
"37093000065",1
"37067000302",12
"37093000064",1
"37067000301",12
"370890000ES",10
"37093000063",1
"37093000062",1
"37159000038",6
"37093000061",1
"3710100PR09",8
"37159000036",6
"3710100PR08",8
"37159000035",6
"3710100PR07",8
"37159000034",6
"37159000033",6
"37159000032",6
"37159000031",6
"370870000PC",10
"37159000039",6
"3719902-CAN",9
"37051000G3B",1
"37169000506",12
"37099000QUA",10
"370210062.1",10
"37111HIGGIN",10
"37129000H13",4
"37129000H12",4
"3717900029C",6
"37129000H11",4
"3717900029B",6
"37129000H10",4
"3717900029A",6
"37051000G3C",1
"370210021.1",10
"37001001210",7
"37051000G2A",1
"370550000EL",14
"37051000G2D",1
"37051000G2B",1
"3715900005A",6
"37189000011",9
"37189000010",9
"37189000019",9
"37189000018",9
"37189000017",9
"37189000016",9
"37189000015",9
"37189000014",9
"37189000013",9
"37047000P21",4
"37189000012",9
"370970000OL",9
"37131NEWTOW",13
"37047000P24",4
"37047000P23",4
"37081NCLAY2",11
"37081NCLAY1",11
"37183019-21",8
"37183019-20",8
"37123000WAD",1
"3714100UU17",4
"3713704VM-A",14
"37189000008",9
"370210009.1",10
"37189000007",9
"37189000006",9
"37189000005",9
"37147000101",14
"37189000004",9
"37189000003",9
"37047000P10",4
"37189000002",9
"37189000001",9
"370890000AR",10
"37065000901",13
"3719500PRCR",13
"37047000P18",4
"37047000P17",4
"37189000009",9
"37047000P15",4
"37047000P14",4
"37047000P13",4
"37047000P12",4
"37047000P11",4
"370970000SB",9
"370890000AT",10
"3716300CLSW",4
"370970DV1-B",9
"37047000P19",4
"370970DV1-A",9
"37035000008",9
"37035000007",9
"37035000006",9
"37035000005",9
"37035000004",9
"37191002530",13
"37035000003",9
"37035000002",9
"37035000001",9
"3703300PELH",7
"3710900OB21",3
"3719500PRGA",13
"37035000009",9
"370210040.2",10
"3716300CLWE",4
"370310OTBEG",14
"37143WEST-H",14
"3705100G10C",1
"3705100G10B",1
"3713100GAPL",13
"3705100G10A",1
"37065000401",13
"37185000014",13
"37185000013",13
"37183004-19",5
"37185000012",13
"37183004-18",5
"37185000011",13
"37183004-17",5
"371570000SE",11
"37185000010",13
"370830000SN",13
"3714100RP20",4
"370210071.1",10
"37183004-21",5
"3700700POLK",6
"3719700SKNB",12
"37183004-20",5
"37051000G9A",1
"370870000LJ",10
"37185000004",13
"37185000003",13
"37183004-09",5
"371010PR23B",8
"37185000002",13
"37183004-08",5
"371010PR23A",8
"37185000001",13
"37183004-07",5
"37183004-06",5
"37083WEL1-2",13
"371570000RC",11
"37185000009",13
"37185000008",13
"37185000007",13
"37183008-11",5
"37185000006",13
"37183008-10",5
"37185000005",13
"3710900DW28",3
"370890000MG",10
"37183004-16",5
"37183004-15",5
"37183004-14",5
"37183004-13",5
"37183004-12",5
"37051000G8D",1
"37183004-11",5
"37051000G8C",1
"37183004-10",5
"37051000G8B",1
"37051000G8A",1
"371350000EH",7
"370830ENF-2",13
"371350000EF",7
"37099000SAV",10
"3707700BERE",13
"371350000ES",7
"370890000NE",10
"37183019-12",8
"37183019-11",8
"370890000NB",10
"370890000LJ",10
"37183019-19",8
"37183019-18",8
"37183019-17",8
"37183019-16",8
"37183019-15",8
"37183019-14",8
"371350000HF",7
"37183019-13",8
"371350000HE",7
"370890000LP",10
"3700700BURN",6
"37115HOT-SP",10
"37047000P07",4
"3713300SF18",4
"37047000P06",4
"37047000P05",4
"37047000P04",4
"37047000P03",4
"371370001GB",14
"37047000P09",4
"3704500S-4A",3
"37183019-09",8
"370970000NH",9
"37047000P08",4
"37183019-07",8
"37183019-05",8
"37123000ELD",1
"37183019-03",8
"37125EUR-WP",1
"37099000SCC",10
"370890000GM",10
"371350000GB",7
"370510G5B-2",1
"370510G5B-1",1
"371350000GL",7
"370890000GR",10
"370210005.1",10
"3706100ROCK",4
"370890000FL",10
"37111M.COVE",10
"3703100PKNL",14
"370890000FR",10
"3705700086A",12
"37165001-16",1
"3705500NGHD",14
"37125000EAB",1
"37131LAKE-G",13
"371750000LR",10
"371570000WS",11
"37099000WEB",10
"370890000HC",10
"37183008-09",5
"37183008-08",5
"37183008-07",5
"371350000DA",7
"37183008-06",5
"37183008-05",5
"371010PR29A",8
"3716100016A",10
"37183008-04",5
"3714700200B",14
"37183008-03",5
"3714700200A",14
"370810NCGR2",11
"37183008-02",5
"37119000100",2
"3714100SB02",4
"370890000HS",10
"37119000108",2
"3701900004A",4
"37119000106",2
"37119000105",3
"371010PR29B",8
"37069000010",13
"37119000104",2
"37119000103",2
"371350000DM",7
"37119000102",2
"37119000101",2
"371170000PP",14
"3703900RGER",10
"37069000018",13
"37069000017",13
"3704900VE14",14
"370210035.1",10
"37069000016",13
"37069000015",13
"37119000109",2
"37069000014",13
"3707700SALM",13
"371350000CB",7
"37069000013",13
"371350000CA",7
"37069000012",13
"37069000011",13
"370210027.2",10
"3708100CG3B",11
"3708100CG3A",11
"371350000CH",7
"37069000019",13
"371350000CG",7
"37095000ENG",14
"371350000CF",7
"370210018.2",10
"371350000CP",7
"370970000UG",9
"371350000CO",7
"3717900020B",6
"3717900020A",6
"370810NCGR1",11
"371350000CX",7
"37035000022",9
"371350000CW",7
"37035000021",9
"37069000007",13
"37035000020",9
"37069000006",13
"37069000005",13
"37069000003",13
"37069000002",13
"37135000ENO",7
"37069000001",13
"37035000029",9
"37035000028",9
"371750000EF",10
"3714500ALVI",7
"37035000027",9
"37035000026",9
"37035000025",9
"37035000024",9
"37035000023",9
"37069000009",13
"371350000NS",7
"37069000008",13
"3710900LN11",3
"3704300WARN",10
"37153000003",1
"37153000002",1
"37153000001",1
"37045000S-S",3
"370970000TB",9
"37035000011",9
"37035000010",9
"37153000009",1
"37153000008",1
"3705700080A",12
"37153000007",1
"37153000006",1
"37153000005",1
"37035000019",9
"37153000004",1
"371570000DR",11
"37035000017",9
"37035000016",9
"37035000015",9
"3719700SBCK",12
"37035000014",9
"37035000013",9
"37035000012",9
"371190139.1",2
"3704500WACO",3
"37147000701",14
"37093000005",1
"3714100CL05",4
"370950000FF",14
"37093000004",1
"3708300RR-4",13
"37093000003",1
"3708300RR-3",13
"37093000002",1
"37007000ANS",6
"37093000001",1
"37045FALSTN",3
"371170000R2",14
"37123000ROC",1
"371170000R1",14
"3716300SBRG",4
"371350000NC",7
"3710900LI14",3
"3706100CFRK",4
"37019000002",4
"37035000041",9
"37019000001",4
"37035000040",9
"3708300RR-9",13
"3708300RR-7",13
"3708300RR-5",13
"37045000S-5",3
"37019000009",4
"37019000008",4
"37045000S-C",3
"37019000007",4
"37019000006",4
"37019000005",4
"370210057.1",10
"37019000003",4
"3704300SWEE",10
"3703900HANG",10
"3710900DN29",3
"37065001301",13
"37035000033",9
"37035000032",9
"37035000031",9
"3703100NRIV",14
"37035000030",9
"3718320-06B",5
"3718320-06A",5
"37111WEST-M",10
"3707900BEAR",13
"37035000039",9
"37035000038",9
"37035000037",9
"3719904-RAM",9
"370450000BR",3
"371350000OG",7
"37035000036",9
"37035000035",9
"37035000034",9
"3706100SMCA",4
"37073000005",14
"37025007-00",6
"37073000003",14
"37073000002",14
"37073000001",14
"3712700P14A",13
"371570000EC",11
"37153000014",1
"37153000013",1
"3703900MURN",10
"37153000012",1
"37153000011",1
"371350000OW",7
"37153000010",1
"37019000023",4
"371350000PA",7
"37019000022",4
"37019000021",4
"3703900MURS",10
"37037PIT113",7
"37019000020",4
"37153000016",1
"3704500LATT",3
"37153000015",1
"371390000MH",14
"3719700NLIB",12
"3712700P13A",13
"371010PR27B",8
"371010PR27A",8
"371750000RE",10
"37093000015",1
"37093000014",1
"37093000013",1
"37093000012",1
"3705500SOSH",14
"37139000NIX",14
"37019000013",4
"37019000012",4
"37019000011",4
"370810SCLAY",11
"370970000BE",9
"3712700P16A",13
"3703100STEL",14
"370970000BA",9
"37019000019",4
"37019000018",4
"37019000017",4
"37019000016",4
"37019000015",4
"37019000014",4
"37119000151",3
"3716300CLCE",4
"37119000150",3
"3717900038B",6
"3717900038A",6
"37099000SDC",10
"37115SPRING",10
"370950000BM",14
"3719907-BRU",9
"3701700P502",4
"3701700P501",4
"3703900BELL",10
"3710900AS25",3
"3708100FR5B",11
"370230029-B",9
"3708100FR5A",11
"370230029-A",9
"3704900CFB8",14
"3717900037B",6
"3717900037A",6
"370210031.1",10
"3712700P15A",13
"370210048.1",10
"3705500MATO",14
"370070000MM",1
"37099000BCK",10
"3715900014A",6
"3708100H20B",11
"37067000801",12
"3708100H20A",11
"370010003N2",7
"3712700P10A",13
"371350000KM",7
"3703900MARB",10
"37067000809",12
"37067000808",12
"3716300CLEA",4
"37067000807",12
"370950000LL",14
"37067000806",12
"37067000805",12
"37125000NSP",1
"37067000804",12
"3716300CLEM",4
"3713300HR17",4
"37067000803",12
"371350000LC",7
"37067000802",12
"3707700SOOX",13
"37183011-02",5
"37111DYSART",10
"37125000WEM",1
"3708700BE-4",10
"3708700BE-3",10
"3707700WILT",13
"3708700BE-2",10
"3708700BE-1",10
"3719906-JAC",9
"3707500TAPO",10
"37119000122",2
"3705100AH49",1
"37119000121",2
"37119000120",2
"3708700BE-7",10
"37119000129",2
"37119000128",3
"37119000127",3
"37119000126",3
"37119000125",2
"371570000LI",11
"37119000124",2
"37119000123",2
"37139000NEW",14
"370070000WS",6
"370210026.1",10
"37119000111",2
"37119000110",2
"371570000MC",11
"37183011-01",5
"371570000MA",11
"3712700P12A",13
"37119000119",2
"370210013.1",10
"37119000118",2
"3705500FRCO",14
"37119000117",2
"37119000116",2
"37119000115",2
"37165002-25",1
"37119000114",2
"3715500011A",1
"37119000113",2
"37119000112",2
"3701300BLCK",14
"3714100LC09",4
"370510G2C-2",1
"370510G2C-1",1
"3713900WEST",14
"37119000144",2
"37119000143",3
"370210066.1",10
"37119000142",3
"37119000141",2
"37119000140",2
"3712700P11A",13
"37119000149",2
"370210053.1",10
"37119000148",2
"37119000147",2
"37119000146",3
"37051CL57-2",1
"37119000145",3
"37051CL57-1",1
"37167000011",6
"37167000010",6
"37183015-04",8
"37183015-03",8
"371750000PF",10
"37183015-02",8
"37183015-01",8
"3703900BRAS",10
"37167000019",6
"37167000018",6
"37167000017",6
"37167000016",6
"37119000133",3
"37167000015",6
"37119000132",2
"37167000014",6
"37119000131",2
"37167000013",6
"37119000130",2
"37001000035",7
"37123000OPH",1
"3700100003C",7
"37023000053",9
"37023000052",9
"37121000002",9
"37023000051",9
"37121000001",9
"37119000138",2
"37119000137",2
"37119000136",2
"37119000135",3
"37119000134",3
"3707900BULL",13
"3700500003A",9
"37121000009",9
"37121000008",9
"37121000007",9
"371570000MS",11
"37121000006",9
"370190004B2",4
"37121000005",9
"37121000004",9
"37121000003",9
"37191000009",13
"37191000008",13
"37191000007",13
"37191000006",13
"37191000005",13
"3714100UH08",4
"37167000008",6
"37191000004",13
"37167000007",6
"37191000003",13
"37191000002",13
"3712700P09A",13
"37167000003",6
"371170000W2",14
"371170000W1",14
"371570000NB",11
"370810SWASH",11
"37023000040",9
"37125000SLS",1
"37191000012",13
"37023000048",9
"37191000011",13
"3718100SCRK",13
"37191000010",13
"371570000HO",11
"37017000P15",4
"371570000HU",11
"3708700FC-2",10
"3708700FC-1",10
"37017000P10",4
"3707700ANTI",13
"37025012-13",6
