"GEOID20","iteration_0","iteration_50","iteration_100","iteration_150","iteration_200"
"37025012-12",11,9,9,7,4
"37025012-11",11,9,9,7,4
"37025012-10",11,9,9,7,4
"3700300T2T3",13,1,13,9,2
"3712500EKWD",2,11,3,7,4
"371370005AP",4,6,6,8,8
"3704300TUSQ",1,10,10,10,10
"37191000001",4,5,11,11,6
"3715900019A",11,9,9,7,4
"370510G3A-2",2,11,3,3,11
"37167000022",11,2,9,7,4
"370510G3A-1",2,11,3,3,11
"37167000021",11,2,9,7,4
"3700100003S",9,12,8,4,7
"37115GRAPEV",1,10,10,10,10
"37167000020",11,2,9,7,4
"37183004-05",6,4,4,6,3
"37125000WND",2,11,3,7,4
"37191000029",4,5,11,11,6
"37183004-04",6,4,4,6,3
"3700100003N",9,12,8,4,7
"37191000028",4,5,11,11,6
"37183004-03",6,4,4,6,3
"37191000027",4,5,11,11,6
"370210044.1",1,10,10,10,10
"37183004-02",6,4,4,6,3
"37191000026",4,5,11,11,6
"37183004-01",8,4,4,6,3
"37167000028",11,2,9,7,4
"37191000024",4,5,11,11,11
"3716300CLNE",2,11,3,3,11
"37167000027",11,2,9,7,4
"37167000026",11,2,9,7,4
"37167000025",11,2,9,7,4
"3700100003W",9,12,8,4,7
"37167000024",11,2,9,7,4
"37167000023",11,2,9,7,4
"37025012-03",11,9,9,7,4
"370810NWASH",9,12,8,4,7
"37023000066",13,1,13,9,2
"37023000065",13,1,13,13,10
"37123000STA",11,2,9,7,4
"37023000064",13,1,13,13,10
"37023000062",13,1,13,9,2
"37025012-09",11,9,9,7,4
"37147001501",4,6,6,8,8
"37025012-08",11,9,9,7,4
"37025012-06",11,9,9,7,4
"37025012-05",11,9,9,7,4
"37025012-04",11,9,9,7,4
"37147001509",4,6,6,8,8
"37147001507",4,6,6,8,8
"37147001506",4,6,6,8,8
"37191000018",4,5,11,11,6
"37191000017",4,5,11,11,6
"37023000070",13,1,13,9,2
"3714100LT18",3,3,5,5,5
"37191000016",4,5,11,11,6
"3712700P06A",5,6,6,8,8
"37147001503",4,6,6,8,8
"37191000015",4,5,11,11,6
"37191000014",4,5,11,11,6
"37067000405",12,13,2,2,9
"37191000013",4,5,11,11,6
"37067000404",12,13,2,2,9
"3712500WKWD",2,11,3,7,4
"3707700EAOX",5,12,12,12,12
"37067000403",12,13,2,2,9
"37067000402",12,13,2,2,9
"37067000401",12,13,2,2,9
"3713300HN14",3,3,5,5,5
"37175000TC1",1,10,10,10,10
"3703100ATSL",3,6,5,5,5
"371150SANDY",1,10,10,10,10
"37175000TC7",1,10,10,10,10
"3719700EBND",13,13,2,2,2
"37191000023",4,5,11,11,6
"37191000022",4,5,11,11,6
"37191000021",4,5,11,11,6
"3703100MASM",3,6,5,5,5
"3712700P05A",5,6,6,8,8
"370970000CD",12,1,13,9,2
"3719905-GRE",1,10,10,10,10
"3708700BE56",1,10,10,10,10
"371570000IR",9,12,8,4,7
"3719700DCRK",13,13,13,9,2
"370210050.1",1,10,10,10,10
"370970000CS",12,1,13,9,2
"3706100KENA",3,3,5,5,5
"37001000011",9,12,8,4,7
"37081000RC2",9,12,8,4,7
"37081000RC1",9,12,8,4,7
"3710900LS12",10,1,13,9,2
"371170000BG",4,6,6,8,8
"370210022.2",1,10,10,10,10
"3712700P08A",5,6,6,8,8
"371490TR123",1,10,10,10,10
"37001000013",9,8,8,4,7
"37125000BEN",11,11,3,7,4
"3703100BFT2",3,6,5,5,5
"3703100BFT1",3,6,5,5,5
"3710900LB34",13,7,7,9,2
"3708300CONC",5,6,6,8,8
"3705100LR63",2,11,3,3,11
"3705500KTHK",4,6,6,8,8
"370970000FT",12,1,13,9,2
"37001000001",9,8,8,4,7
"3708100H29B",9,12,8,4,7
"3716300GIDD",2,11,3,3,11
"3708100H29A",11,13,2,2,9
"37005000004",12,1,13,9,2
"3712700P07A",5,6,6,8,8
"37005000001",12,1,13,9,2
"37001000007",9,8,8,4,7
"370030000B1",13,1,13,9,2
"37001000005",9,12,8,4,7
"37025001-02",11,2,9,7,4
"37001000004",9,12,8,4,7
"37001000002",9,8,8,4,7
"370970000EM",12,13,13,9,2
"3719700SLIB",12,13,2,2,2
"37025001-08",11,9,9,7,4
"37025001-07",11,9,9,7,4
"370030000B2",13,1,13,9,2
"37025001-04",11,2,9,7,4
"37125000EWD",2,11,3,7,4
"37143BETHEL",4,6,6,8,8
"3719300113A",13,1,13,9,2
"370970DV2-A",13,1,13,9,2
"3708500PR16",6,8,12,12,12
"370070WADES",11,2,9,3,11
"3719903-EGY",1,10,10,10,10
"37155000041",2,11,3,3,11
"37155000040",2,11,3,3,11
"3703100BOGU",3,3,5,5,5
"3714500HLWY",9,12,8,4,7
"370970DV2-B",13,1,13,9,2
"37183016-06",6,5,11,11,6
"37183016-05",6,5,11,11,6
"37183016-04",6,5,11,11,6
"37183016-03",6,5,11,11,6
"37183016-02",6,5,11,11,6
"37183016-01",5,5,11,11,6
"3708500PR01",6,8,12,12,12
"370210041.1",1,10,10,10,10
"3703100IBSP",3,6,5,5,5
"3708500PR08",6,8,12,12,12
"3708500PR07",6,8,12,12,12
"37155000034",2,11,3,3,11
"37155000033",2,11,3,3,11
"3719908-CRA",1,10,10,10,10
"3703100CISL",3,6,5,5,5
"37155000030",2,11,3,3,11
"370830BUTWD",5,6,6,8,8
"37131SEABOA",4,6,6,8,8
"37025001-11",11,9,9,7,4
"37025001-10",11,9,9,7,4
"370210019.1",1,10,10,10,10
"37155000039",2,11,3,3,11
"37155000038",2,11,3,3,11
"37057000088",11,13,2,2,9
"37155000037",2,11,3,3,11
"37155000036",2,11,3,3,11
"37155000035",2,11,3,3,11
"37057000084",12,13,2,2,9
"3700700GULL",11,2,9,3,11
"37057000082",11,13,9,2,9
"3719300115A",13,1,13,9,2
"3704700P02B",2,11,3,3,11
"37057000076",11,13,9,7,9
"37057000074",11,13,9,7,9
"37057000072",11,13,2,2,9
"37147001101",4,6,6,8,8
"370810MON2B",9,12,8,4,7
"37057000070",11,13,9,2,9
"370810MON2A",9,12,8,4,7
"371170000HS",4,6,6,8,8
"37183016-09",6,5,11,11,6
"37183016-07",6,5,11,11,6
"37057000078",11,9,2,2,9
"3714500WDSD",9,12,8,4,7
"371170000HM",4,6,6,8,8
"3704700P01A",2,11,3,3,11
"37125000VSS",2,11,3,7,4
"3707500WEST",1,10,10,10,10
"3714701508B",4,6,6,8,8
"3714701508A",4,6,6,8,8
"37037000085",8,8,12,12,12
"37183016-11",5,5,11,11,6
"37183016-10",5,5,11,11,6
"3718100HTOP",5,12,12,12,12
"3715500005A",2,11,3,3,11
"371170000GR",4,6,6,8,8
"3705500CHCA",4,6,6,8,8
"371170000GN",4,6,6,8,8
"370210063.1",1,10,10,10,10
"3700500006A",12,1,13,9,2
"37051SL78-3",6,8,12,12,12
"371050000D2",8,8,12,12,12
"371050000D1",8,8,12,12,12
"37037000075",8,4,4,12,12
"37037000078",8,8,12,12,12
"3714701507B",4,6,6,8,8
"37065001401",5,6,6,8,8
"37099000CAN",1,10,10,10,10
"3703300ANDE",9,12,8,4,7
"37099000CAS",1,10,10,10,10
"371050000C2",8,8,12,12,12
"371370002OT",4,6,6,8,8
"371050000C1",8,8,12,12,12
"3707700OKHL",5,12,12,12,12
"37097000ST5",12,1,13,9,2
"37097000ST4",12,1,13,9,2
"37097000ST3",12,1,13,9,2
"37097000ST2",12,1,13,9,2
"37097000ST1",12,1,13,9,2
"3713300NM13",3,3,5,5,5
"37183005-08",6,4,4,6,3
"37183005-07",8,4,4,6,3
"37097000ST6",12,1,13,9,2
"371190238.1",10,9,7,1,13
"3707900WALS",4,6,11,11,6
"37083000HOL",5,6,6,8,8
"371050000E1",8,8,12,12,12
"370550000MH",4,6,6,8,8
"370450MULLS",10,7,7,13,13
"37183009-02",5,5,4,6,6
"3714100SC13",3,3,5,5,5
"37183009-01",5,5,4,6,3
"371050000E2",8,8,12,12,12
"3708100H19A",11,13,2,2,9
"37183005-06",8,4,4,6,3
"37125000WAB",2,11,3,3,11
"37183005-05",6,4,4,6,3
"37183005-03",8,4,4,6,3
"37183005-01",8,4,4,6,3
"37183009-03",5,5,4,6,6
"3714701504B",4,6,6,8,8
"3714701504A",4,6,6,8,8
"3708100H19B",11,13,2,2,9
"370830RINGW",5,6,6,8,8
"37181000EH1",5,12,12,12,12
"3719700BNVL",13,13,13,9,2
"371170000CR",4,6,6,8,8
"3705100CC17",2,11,3,3,11
"3705100CC16",2,11,3,3,11
"3705100CC15",2,11,3,3,11
"3705100CC14",2,11,3,3,11
"3705100CC13",2,11,3,3,11
"37119000207",13,9,7,7,4
"3705100CC12",2,11,3,3,11
"37119000206",13,9,7,7,4
"37119000205",7,2,9,1,1
"3705100CC10",2,11,3,3,11
"37119000203",7,2,9,1,1
"37119000202",13,9,7,1,13
"37119000201",7,2,1,1,1
"37119000200",10,7,7,13,13
"3705100CC19",2,11,3,3,11
"3705100CC18",2,11,3,3,11
"371010PR31B",5,5,11,11,6
"371010PR31A",5,5,11,11,6
"37119000209",13,9,7,7,4
"37119000208",13,9,7,7,4
"3705100LI65",2,11,3,3,11
"370830FAUCT",5,6,6,8,8
"37025008-00",11,9,9,7,4
"370210028.1",1,10,10,10,10
"37065000501",5,6,6,8,8
"3705100CC06",2,11,3,3,11
"3705100CC05",2,11,3,3,11
"3712700P20A",5,6,6,8,8
"3705100CC04",2,11,3,3,11
"3705100CC03",2,11,3,3,11
"370210015.1",1,10,10,10,10
"3707700WOEL",5,12,12,12,12
"37081000OR2",9,12,8,4,7
"3705100CC01",2,11,3,3,11
"37081000OR1",12,13,2,2,9
"3707700CRDM",6,12,12,12,12
"3707700CRDL",5,12,12,12,12
"3705100CC08",2,11,3,3,11
"3708500PR32",6,8,12,12,12
"3705100CC07",2,11,3,3,11
"3708500PR31",6,8,12,12,12
"37119000221",7,2,1,1,1
"37119000220",7,2,1,1,1
"37083000HPR",5,6,6,8,8
"371050000B2",8,8,12,12,12
"371050000B1",8,8,12,12,12
"37025004-13",11,9,9,7,4
"370810000GR",9,12,8,4,7
"370130SURBA",4,6,6,8,8
"37025004-12",11,9,9,7,4
"37119000229",10,7,1,13,13
"3705100CC34",2,11,3,3,11
"37025004-11",11,9,9,7,4
"37119000228",10,7,1,13,13
"3705100CC33",2,11,3,3,11
"37119000227",7,2,1,1,1
"3705100CC32",2,11,3,3,11
"37119000226",7,7,1,1,1
"37119000225",7,7,1,13,13
"37119000224",10,9,7,13,13
"3708500PR25",2,11,3,3,11
"3708500PR24",6,8,12,12,12
"37119000222",10,9,7,1,13
"3708500PR23",6,8,12,12,12
"371290000WB",3,3,5,5,5
"3708500PR20",2,11,3,3,11
"3714701505B",4,6,6,8,8
"370890000SM",1,10,10,10,10
"3714100SP15",3,3,5,5,5
"3714701505A",4,6,6,8,8
"371870000P2",4,6,6,8,8
"3708500PR29",2,11,3,3,11
"371870000P1",4,6,6,8,8
"3708500PR28",8,8,12,12,12
"3703900GCRK",1,10,10,10,10
"3708500PR26",2,11,3,3,11
"370890000SW",1,10,10,10,10
"37115REVERE",1,10,10,10,10
"371510000PR",11,2,9,7,4
"37119000210",10,9,7,1,13
"3705100CC27",2,11,3,3,11
"371050000A2",8,8,12,12,12
"3705100CC26",2,11,3,3,11
"371050000A1",8,8,12,12,12
"37025004-03",11,9,9,7,4
"3705100CC25",2,11,3,3,11
"3705100CC24",2,11,3,3,11
"37025004-01",11,9,9,7,4
"37119000218",7,2,1,1,1
"371870000P3",4,6,6,8,8
"37119000217",7,2,1,1,1
"37119000216",7,2,1,1,1
"3705100CC21",2,11,3,3,11
"37119000215",7,7,1,1,1
"37119000214",10,9,7,1,13
"37119000213",10,9,7,1,13
"37045KINGST",10,7,7,13,13
"37119000212",7,9,9,1,13
"37119000211",10,9,7,1,13
"37025004-09",11,9,9,7,4
"370890000RR",1,10,10,10,10
"37025004-08",11,9,9,7,4
"3705100CC29",2,11,3,3,11
"37065001001",4,6,6,8,8
"37119000219",7,2,1,1,1
"3710900BS26",13,1,13,9,2
"3705100CC31",2,11,3,3,11
"370210058.1",1,10,10,10,10
"37173000BC2",1,10,10,10,10
"370890000SB",1,10,10,10,10
"37173000BC1",1,10,10,10,10
"370890000SE",1,10,10,10,10
"3704300BRAS",1,10,10,10,10
"371510000SE",11,2,9,7,4
"370210006.1",1,10,10,10,10
"37055000WAN",4,6,6,8,8
"37095000OCK",4,6,6,8,8
"3700300000M",13,1,13,9,2
"371810000CC",5,12,12,12,12
"371510000SO",11,2,9,7,4
"3700300000W",13,1,13,9,2
"3703900HOTH",1,10,10,10,10
"3704500KM-S",10,7,7,13,13
"3704500KM-N",10,7,7,13,13
"3705100G11B",2,11,3,3,11
"371510000RN",11,2,9,7,4
"371510000RM",11,2,9,7,4
"37107000PH2",4,3,5,5,5
"37107000PH1",4,3,5,5,5
"3701900010B",3,3,5,5,5
"37183012-02",8,5,11,11,6
"37183012-01",8,4,11,11,6
"371110MAR-5",1,10,10,10,10
"371110MAR-4",1,10,10,10,10
"371110MAR-3",1,10,10,10,10
"371110MAR-2",1,10,10,10,10
"371110MAR-1",1,10,10,10,10
"370130WASH4",4,6,6,8,8
"370130WASH2",4,6,6,8,8
"370130WASH1",4,6,6,8,8
"3713300CR07",3,3,5,5,5
"3700300000E",13,1,13,9,2
"3708900HV-3",1,10,10,10,10
"3708900HV-2",1,10,10,10,10
"37125000CAR",11,11,3,7,4
"3708900HV-1",1,10,10,10,10
"37125000CAM",2,11,3,7,4
"370210001.1",1,10,10,10,10
"370890000NM",1,10,10,10,10
"370910000M2",4,6,6,8,8
"370890000NW",1,10,10,10,10
"370910000M1",4,6,6,8,8
"3707900HOOK",4,5,11,11,6
"370210049.1",1,10,10,10,10
"3707900MAUR",4,5,11,11,6
"370910000ML",4,6,6,8,8
"37179000021",7,2,1,13,1
"37081000GIB",9,12,8,4,7
"37065000102",5,6,6,8,8
"37065000101",5,6,6,8,8
"370210036.1",1,10,10,10,10
"3703300MILT",9,12,8,4,7
"371510000LC",11,2,9,7,4
"37179000027",11,2,1,13,1
"371510000LB",11,2,9,7,4
"3710900TA37",13,1,13,9,2
"37179000026",11,2,1,13,1
"37179000025",11,2,1,13,1
"37179000024",7,2,1,13,1
"37067000504",12,13,2,2,9
"371150BEECH",1,10,10,10,10
"37179000023",7,2,1,13,1
"37067000503",12,13,2,2,9
"37179000022",7,2,1,13,1
"37067000502",12,13,2,2,9
"37065000104",5,6,6,8,8
"37067000501",12,13,2,2,9
"37065000103",5,6,6,8,8
"371510000NM",11,13,9,7,4
"37183012-09",8,4,11,11,6
"37183012-08",8,4,11,11,6
"37099000GLV",1,10,10,10,10
"37183012-07",6,5,11,11,6
"3700300G1G2",13,1,13,9,2
"37183012-06",6,5,11,11,6
"37183012-05",6,4,11,11,6
"37183012-04",6,5,11,11,6
"37067000507",12,13,2,2,9
"37067000506",12,13,2,2,9
"3706100CYCK",3,3,5,5,5
"370890000RG",1,10,10,10,10
"37067000505",12,13,2,2,9
"371370001RB",4,6,6,8,8
"3706100CHAR",3,3,5,5,5
"37179000010",7,2,1,13,1
"37099000CFK",1,10,10,10,10
"37179000018",7,2,1,13,1
"37011000002",1,1,10,10,10
"37011000001",1,10,10,10,10
"37179000016",7,2,1,13,1
"371870000LM",4,6,6,8,8
"370890000PV",1,10,10,10,10
"37179000015",7,2,1,13,1
"37179000014",7,2,1,13,1
"37179000013",11,2,1,3,11
"37179000012",11,2,1,13,1
"370890000PR",1,10,10,10,10
"37179000011",11,2,1,13,1
"37143PARKVI",4,6,6,8,8
"37011000009",1,10,10,10,10
"37011000008",1,1,10,10,10
"37011000007",1,10,10,10,10
"37011000006",1,1,13,9,2
"37011000005",1,10,10,10,10
"37123000BIS",11,2,9,7,4
"37011000004",13,1,10,10,10
"37179000019",7,2,1,13,1
"37011000003",1,1,13,9,2
"37169001618",12,13,2,2,9
"37179000043",7,2,1,13,1
"37179000042",7,2,1,13,1
"37179000041",7,2,1,13,1
"37179000040",7,2,1,13,1
"370210023.3",1,10,10,10,10
"370210023.2",1,10,10,10,10
"37009000020",13,1,13,9,2
"370210014.3",1,10,10,10,10
"370210014.2",1,10,10,10,10
"3712700P22A",5,6,6,8,8
"3706100HALL",3,3,5,5,5
"37179000032",7,2,1,13,1
"37179000031",7,2,1,13,1
"37179000030",7,2,1,13,1
"37179000039",7,2,1,13,1
"37179000036",11,2,1,3,11
"37179000035",7,2,1,13,1
"370910000HV",4,6,6,8,8
"37179000034",11,2,1,3,11
"37179000033",7,2,1,13,1
"37119000243",10,7,1,13,13
"37119000242",13,9,7,7,4
"37119000241",10,9,7,1,13
"37119000240",13,9,7,7,4
"3714500MTTZ",9,12,8,4,7
"3703900PCHT",1,10,10,10,10
"3712700P21A",5,6,6,8,8
"370210054.2",1,10,10,10,10
"3709700SH-B",12,1,13,9,2
"37147000301",4,6,6,8,8
"3709700SH-A",12,1,13,9,2
"37011000013",1,1,10,10,10
"37011000012",1,10,10,10,10
"37049000016",3,3,6,8,8
"37011000011",1,1,10,10,10
"37011000010",1,10,10,10,10
"37049000011",3,3,6,8,8
"37183001-09",6,4,4,6,3
"37119000232",7,2,1,13,1
"37119000231",7,7,1,13,1
"37183001-07",6,4,11,11,6
"37119000230",10,7,1,13,13
"37183001-06",6,4,11,11,3
"37011000019",1,10,10,10,10
"37183001-05",6,4,11,11,3
"37011000018",1,10,10,10,10
"37183001-04",6,4,4,6,3
"37011000017",1,10,10,10,10
"37183001-03",6,4,4,6,3
"37011000016",1,1,10,10,10
"3713300RL09",3,3,5,5,5
"37011000015",1,1,10,10,10
"37049000019",3,3,5,5,5
"3712700P24A",5,6,6,8,8
"37011000014",1,10,10,10,10
"37119000239",10,9,7,1,13
"37049000017",3,3,6,8,8
"37037000020",8,8,12,12,12
"37119000237",7,9,9,1,13
"37119000236",7,2,1,1,1
"37119000235",7,2,1,1,1
"37119000234",7,2,1,1,1
"37119000233",7,7,1,1,1
"370450RIPPY",10,7,7,13,13
"3715700ED-1",9,12,8,4,7
"37183001-13",6,4,4,6,6
"37037000024",11,11,3,7,4
"37183001-12",6,4,4,6,3
"37183001-11",6,4,4,6,3
"37183001-10",6,4,4,6,3
"37037000021",8,8,12,12,12
"37049000005",3,3,6,8,8
"37049000003",3,3,6,8,8
"37049000002",3,3,5,5,5
"37131CREEKS",4,6,6,8,8
"3712700P23A",5,6,6,8,8
"37125000TLT",2,11,3,7,4
"37049000007",4,3,6,8,8
"3707300004S",4,6,6,8,8
"37183017-09",5,5,11,11,6
"3712900CF06",3,3,5,5,5
"3715500026A",2,11,3,3,11
"37025009-00",11,9,9,7,4
"3712900CF05",3,3,5,5,5
"37177000001",4,6,6,8,8
"370330PROVI",9,12,8,4,7
"37037000015",8,8,12,12,12
"3712900CF02",3,3,5,5,5
"3712900CF01",3,3,5,5,5
"37183017-10",6,5,4,6,3
"37123000LIT",11,2,9,7,4
"37183001-02",6,4,4,6,3
"37183001-01",6,4,4,6,3
"37179000007",7,2,1,13,1
"37179000006",7,2,1,13,1
"37179000005",7,2,1,13,1
"3706100ALBE",4,5,5,5,5
"37067000111",12,13,2,2,9
"37179000004",7,2,1,13,1
"37179000003",7,2,1,13,1
"37179000002",7,2,1,13,1
"3701300WDPD",4,6,6,8,8
"37125000PDN",2,11,3,3,11
"37179000001",7,2,1,13,1
"371510000TT",11,2,9,7,4
"37177000003",4,6,6,8,8
"37037000018",8,8,12,12,12
"37177000002",4,6,6,8,8
"371510000TR",11,13,9,7,4
"37183017-13",5,5,4,6,3
"3701700P202",2,11,3,3,11
"37183017-12",5,5,4,6,6
"3701700P201",2,11,3,3,11
"37183017-11",5,5,4,6,3
"37179000009",11,2,1,13,1
"37179000008",11,2,1,3,11
"37067000112",12,13,2,2,9
"37037000042",8,8,12,12,12
"3705100MR02",2,11,3,3,11
"3710900LW31",13,1,13,9,2
"371510000UG",11,2,9,7,4
"3708100G42B",9,12,8,4,7
"3710900SL24",10,7,7,9,2
"3708100G42A",9,12,8,4,7
"3710900LW18",13,7,7,9,2
"3714500SWST",9,12,8,4,7
"37037000045",8,8,12,12,12
"371510000SW",11,2,9,7,4
"37009000012",13,1,13,9,2
"37129000W25",3,3,5,5,5
"37183017-07",5,5,4,6,6
"37009000011",13,1,13,9,2
"37183017-06",5,5,4,6,6
"37129000W24",3,3,5,5,5
"37009000010",13,1,13,9,2
"371510000ST",11,2,9,7,4
"37183017-05",5,5,4,6,3
"37183017-04",5,5,4,6,3
"37129000W21",3,3,5,5,5
"37183017-03",5,5,4,6,3
"370910000UN",4,6,6,8,8
"37183017-02",5,5,4,6,3
"37183017-01",5,5,4,6,6
"370210032.1",1,10,10,10,10
"37009000018",13,1,13,9,2
"37009000017",13,1,13,9,2
"37009000016",13,1,13,9,2
"37129000W29",3,3,5,5,5
"37067000101",12,13,2,2,9
"371870000SC",4,6,6,8,8
"37009000015",13,1,13,9,2
"370210045.1",1,10,10,10,10
"37129000W28",3,3,5,5,5
"37009000014",13,1,13,9,2
"37037000030",8,8,12,12,12
"37129000W27",3,3,5,5,5
"37009000013",13,1,13,9,2
"37129000W26",3,3,5,5,5
"371190204.1",11,9,9,1,1
"3714100MT19",3,3,5,5,5
"371870000SK",4,6,6,8,8
"371510000TB",11,2,9,7,4
"3704900TE13",4,6,6,8,8
"3713300FS16",3,3,5,5,5
"37081000G13",9,12,8,4,7
"37081000G12",9,12,8,4,7
"37081000G11",9,12,8,4,7
"37081000G10",9,12,8,4,7
"3714100LU16",3,3,5,5,5
"37129000W13",3,3,5,5,5
"37129000W12",3,3,5,5,5
"37081000G19",9,12,8,4,7
"37081000G18",9,12,8,4,7
"37081000G17",9,12,8,4,7
"37081000G16",9,12,8,4,7
"37081000G15",9,12,8,4,7
"37009000009",13,1,13,9,2
"37009000008",13,1,13,9,2
"37081000G14",9,12,8,4,7
"37009000007",13,1,13,9,2
"37009000006",13,1,13,9,2
"37129000W18",3,3,5,5,5
"37009000004",13,1,13,9,2
"37129000W17",3,3,5,5,5
"37009000003",13,1,13,9,2
"37129000W16",3,3,5,5,5
"37009000002",13,1,13,9,2
"37129000W15",3,3,5,5,5
"3706100ROSE",3,3,5,5,5
"37081000G02",9,12,8,4,7
"37081000G01",9,12,8,4,7
"37081000G09",9,12,8,4,7
"37081000G08",9,12,8,4,7
"37081000G07",9,12,8,4,7
"3713100WOPO",4,6,6,8,8
"37081000G06",9,12,8,4,7
"37081000G05",9,12,8,4,7
"370910000WN",4,6,6,8,8
"37081000G04",9,12,8,4,7
"37081000G03",9,12,8,4,7
"3719901-BUR",1,10,10,10,10
"370630034-1",8,8,12,12,12
"3700100010N",9,8,8,4,7
"37081000G35",9,12,8,4,7
"370210010.1",1,10,10,10,10
"370830RR1-2",5,6,6,8,8
"37081000FR4",9,12,8,4,7
"37081000G34",9,12,8,4,7
"37081000G33",9,12,8,4,7
"37081000FR3",9,12,8,4,7
"37081000G32",9,12,8,4,7
"37081000FR2",9,12,8,4,7
"37081000FR1",9,12,8,4,7
"37081000G31",9,12,8,4,7
"3706100WALL",3,3,5,5,5
"37081000G30",9,12,8,4,7
"3712700P18A",5,6,6,8,8
"370630034-2",8,8,12,12,12
"3700100010S",9,8,8,4,7
"37129000W31",3,3,5,5,5
"37081000G39",9,12,8,4,7
"37129000W30",3,3,5,5,5
"37081000G38",9,12,8,4,7
"37081000G37",9,12,8,4,7
"37081000G36",9,12,8,4,7
"3704700P16B",2,11,3,3,11
"3714100CF11",3,3,5,5,5
"3708100JAM5",11,13,2,2,9
"3708100JAM4",9,13,2,2,9
"3714701512B",4,6,6,8,8
"3708100JAM3",9,12,8,4,7
"37037000006",11,11,3,7,4
"3714701512A",4,6,6,8,8
"3708100JAM2",9,12,8,4,7
"3708100JAM1",9,13,2,2,9
"37037000003",8,8,12,12,12
"37025002-03",11,9,9,7,4
"37025002-02",11,9,9,7,4
"37081000G24",9,12,8,4,7
"3705500STPT",4,6,6,8,8
"37025002-01",11,9,9,7,4
"37081000G23",9,12,8,4,7
"37081000G22",9,12,8,4,7
"37081000G21",9,12,8,4,7
"3712700P17A",5,6,6,8,8
"37081000G20",9,12,8,4,7
"3707300004N",4,6,6,8,8
"37037000009",8,8,12,12,12
"37025002-09",11,9,9,7,4
"37025002-08",11,9,9,7,4
"37001000103",9,8,8,4,7
"37025002-07",11,9,9,7,4
"37081000G29",9,12,8,4,7
"37025002-06",11,9,9,7,4
"37081000G28",9,12,8,4,7
"37025002-05",11,9,9,7,4
"37081000G27",9,12,8,4,7
"37081000G26",9,12,8,4,7
"37081000G25",9,12,8,4,7
"37055000COL",4,6,6,8,8
"370210067.1",1,10,10,10,10
"3714701511B",4,6,6,8,8
"3714701511A",4,6,6,8,8
"3708700CL-N",1,10,10,10,10
"37125000PBF",2,11,3,3,11
"37161000014",1,10,10,10,13
"3700100012N",9,8,8,4,7
"37161000013",1,10,10,10,13
"37161000011",10,7,7,13,13
"37067000055",12,13,2,2,9
"37067000054",12,13,2,2,9
"37067000053",12,13,2,2,9
"3708700CL-S",1,10,10,10,10
"37067000052",12,13,2,2,9
"37067000051",12,13,2,2,9
"3700100012W",9,12,8,4,7
"371510000BC",11,2,9,7,4
"37065000701",5,6,6,8,8
"37161000019",1,10,10,10,13
"3700100012S",9,12,8,4,7
"37161000018",1,10,10,10,13
"3716300WBRK",2,11,3,3,11
"370130BELHV",4,6,6,8,8
"3718100KITT",5,12,12,12,12
"371390NORTH",4,6,6,8,8
"3719911-PRI",1,10,10,10,10
"37067000043",12,13,2,2,9
"371510000AE",11,2,9,7,4
"3712700P19A",5,6,6,8,8
"37129000W03",3,3,5,5,5
"37067000042",12,13,2,2,9
"37001000129",9,12,8,4,7
"3716300GARL",2,11,3,3,11
"37001000128",9,12,8,4,7
"37001000127",9,12,8,4,7
"3714701102B",4,6,6,8,8
"37001000126",9,12,8,4,7
"3714701102A",4,6,6,8,8
"37001000125",9,12,8,4,7
"37001000124",9,12,8,4,7
"371510000AN",11,2,9,7,4
"370910000SJ",4,6,6,8,8
"37099000GCK",1,10,10,10,10
"37129000W08",3,3,5,5,5
"371510000AS",11,2,9,7,4
"37165000007",2,11,3,3,11
"371510000AR",11,13,9,2,4
"3700100012E",9,12,8,4,7
"37165000004",2,11,3,3,11
"3714701513B",4,6,6,8,8
"37165000003",2,11,3,3,11
"371370003BY",4,6,6,8,8
"3714701513A",4,6,6,8,8
"3703300LOCU",9,12,8,4,7
"37161000034",1,10,10,10,13
"371510000AW",11,2,9,7,4
"370150000C1",4,6,6,8,8
"37017000P70",2,11,3,3,11
"3716100003A",1,1,10,10,13
"37067000075",12,13,2,2,9
"37067000074",12,13,2,2,9
"37025005-00",11,9,9,7,4
"37067000073",12,13,2,2,9
"37067000072",12,13,2,2,9
"37183001-29",6,4,4,6,3
"37067000071",12,13,2,2,9
"37183001-28",6,5,4,6,6
"37183001-27",6,4,11,11,6
"37183001-26",6,4,11,11,6
"37183001-25",6,4,11,11,6
"37017000P75",2,11,3,3,11
"370150000C2",4,6,6,8,8
"37067000081",12,13,2,2,9
"37161000028",1,10,10,10,13
"37161000027",1,10,10,10,13
"37183001-35",6,4,11,11,6
"37183001-34",6,5,4,6,6
"37183001-33",6,4,4,6,3
"37081000SF4",9,12,8,4,7
"37183001-32",6,4,4,6,3
"37081000SF3",9,12,8,4,7
"37017000P60",2,11,3,3,11
"37183001-31",6,4,4,6,3
"3704900DFB9",4,3,5,5,5
"37067000067",12,13,2,2,9
"37081000SF2",9,12,8,4,7
"3704900N3N5",3,3,6,8,8
"37183001-30",6,4,4,6,3
"37067000066",12,13,2,2,9
"3700100009S",9,8,8,4,7
"37081000SF1",9,12,8,4,7
"37067000065",12,13,2,2,9
"37049000023",3,3,6,8,8
"37067000064",12,13,2,2,9
"37067000063",12,13,2,2,9
"37049000021",3,3,6,8,8
"37067000062",12,13,2,2,9
"37049000020",3,3,6,8,8
"37183001-19",6,5,4,6,6
"37067000061",12,13,2,2,9
"37183001-18",6,5,4,6,3
"37183001-17",6,4,4,6,3
"37183001-16",6,4,4,6,3
"37161000029",10,7,7,13,13
"37183001-15",6,4,4,6,3
"37017000P65",2,11,3,3,11
"37183001-14",6,4,11,11,6
"3719700NBCK",13,13,13,9,2
"37067000068",12,13,2,2,9
"37147001201",4,6,6,8,8
"37161000030",1,10,10,10,13
"37131RICH-S",4,6,6,8,8
"37183001-23",6,4,4,6,6
"37183001-22",6,4,11,11,6
"37183001-21",6,5,11,11,6
"37183001-20",6,4,11,11,6
"37067000012",12,13,2,2,9
"3706100WARS",3,3,5,5,5
"37067000011",12,13,2,2,9
"37125000SSP",2,11,3,7,4
"37183001-49",6,4,4,6,3
"37183001-48",6,4,4,6,3
"3708100NDRI",9,13,2,2,9
"37183001-47",5,4,4,6,3
"3714500RCTL",9,12,8,4,7
"37067000015",12,13,2,2,9
"3713300NR02",3,3,5,5,5
"37183006-07",8,4,11,11,6
"37067000014",12,13,2,2,9
"3716300PLVW",2,11,11,11,11
"37183006-06",8,4,11,11,3
"37067000013",12,13,2,2,9
"37183006-05",8,4,11,11,6
"37183006-04",8,4,11,11,3
"3714701510A",4,6,6,8,8
"3707900CAST",4,6,11,11,6
"370950000SQ",4,6,6,8,8
"37017000P80",2,11,3,3,11
"37183001-51",6,5,4,6,3
"3708700WS-2",1,10,10,10,10
"37183001-50",6,5,11,11,6
"3708700WS-1",1,10,10,10,10
"370210064.1",1,10,10,10,10
"3714701510B",4,6,6,8,8
"37183001-39",6,5,4,6,3
"37183001-38",6,5,4,6,6
"37055000KDH",4,6,6,8,8
"37183001-37",6,5,4,6,3
"37183001-36",6,4,4,6,3
"370210051.2",1,10,10,10,10
"37173ALMOND",1,10,10,10,10
"370630030-2",6,8,12,12,12
"370630030-1",6,8,12,12,12
"3715500018A",2,11,3,3,11
"3700100006W",9,12,8,4,7
"37183001-46",5,5,4,6,3
"37165006-89",2,11,3,3,11
"37183001-45",6,4,4,6,3
"37183001-44",6,5,4,6,3
"3700100006S",9,8,8,4,7
"37183001-43",6,5,4,6,3
"37183001-42",6,4,4,6,3
"37067000034",12,13,2,2,9
"37183001-41",6,4,4,6,3
"37067000033",12,13,2,2,9
"37183001-40",6,5,11,11,6
"37067000032",12,13,2,2,9
"37067000031",12,13,2,2,9
"3714500PNTH",9,12,8,4,7
"37017000P35",2,11,3,3,11
"37017000P30",2,11,3,3,11
"37083000HAL",4,6,6,8,8
"3713100JARE",4,6,6,8,8
"3714900GC09",1,10,10,10,10
"3708100FEN2",9,12,8,4,7
"3708100FEN1",9,12,8,4,7
"37183006-09",8,4,11,11,3
"37183006-08",8,4,11,11,3
"37001000064",9,8,8,4,7
"37001000063",9,8,8,4,7
"37067000021",9,13,2,2,9
"37183006-10",8,4,11,11,3
"37017000P25",2,11,3,3,11
"371510000GR",11,2,9,7,4
"3700100006E",9,8,8,4,7
"3701900010A",3,3,5,5,5
"3700100006N",9,8,8,4,7
"370210038.3",1,10,10,10,10
"370210038.2",1,10,10,10,10
"37055000BUX",4,6,6,8,8
"37081000G57",9,12,8,4,7
"37081000G56",9,12,8,4,7
"37081000G55",9,12,8,4,7
"3700100008S",9,8,8,4,7
"37081000G54",9,12,8,4,7
"37081000G53",9,12,8,4,7
"37081000G52",9,12,8,4,7
"3719700FBSH",13,13,2,2,2
"37081000G51",9,12,8,4,7
"37081000G50",9,12,8,4,7
"37017000P55",2,11,3,3,11
"3703900TOPT",1,10,10,10,10
"37081000G59",9,12,8,4,7
"37081000G58",9,12,8,4,7
"3714100PL10",3,3,5,5,5
"3708100STOK",9,12,8,4,7
"3700100009N",9,8,8,4,7
"37081000G46",9,12,8,4,7
"3714500ROX4",9,12,8,4,7
"37017000P40",2,11,3,3,11
"37081000G45",9,12,8,4,7
"37081000G44",9,12,8,4,7
"37081000G43",9,12,8,4,7
"3710900PC22",13,7,7,9,2
"37017000P45",2,11,3,3,11
"37081000G49",9,12,8,4,7
"37081000G48",9,12,8,4,7
"37045BETHWR",10,7,7,13,13
"37081000G47",9,12,8,4,7
"3703900CSON",1,10,10,10,10
"3700100008N",9,8,8,4,7
"37081000G71",9,12,8,4,7
"37081000G70",9,12,8,4,7
"3716300AUTR",2,11,3,3,11
"37139000SAL",4,6,6,8,8
"37123000CHE",11,2,9,7,4
"37081000G75",9,12,8,4,7
"37081000G74",9,12,8,4,7
"37081000G73",9,12,8,4,7
"37081000G72",9,12,8,4,7
"37065000601",5,6,6,8,8
"370210016.2",1,10,10,10,10
"3706100BEUL",3,3,5,5,5
"3702700PR14",13,1,13,9,2
"3704300SHCR",1,10,10,10,10
"3702700PR13",13,1,13,9,2
"3703900UNKA",1,10,10,10,10
"37081000G60",9,12,8,4,7
"3707500STEC",1,10,10,10,10
"3702700PR18",13,1,13,9,2
"3702700PR17",13,1,13,9,2
"3702700PR16",13,1,13,9,2
"371510000DR",11,2,9,7,4
"37081000G68",9,12,8,4,7
"3700700LILE",11,2,9,3,11
"37081000G67",9,12,8,4,7
"37081000G66",9,12,8,4,7
"37081000G65",9,12,8,4,7
"37081000G64",9,12,8,4,7
"37081000G63",9,12,8,4,7
"37081000G62",9,12,8,4,7
"37081000G61",9,12,8,4,7
"3702700PR02",13,1,13,9,2
"3702700PR01",13,1,13,9,2
"37081000G69",9,12,8,4,7
"37123000CAN",11,2,9,7,4
"3702700PR08",13,1,13,9,2
"3702700PR07",13,1,13,9,2
"370910000CM",4,6,6,8,8
"37119000081",10,9,7,13,13
"37119000080",10,9,7,13,13
"370910000CO",4,6,6,8,8
"37115WALNUT",1,10,10,10,10
"3714900CL08",1,10,10,10,10
"3714900CL07",1,10,10,10,10
"37119000089",10,9,7,13,13
"37119000088",7,7,1,1,1
"3702700PR35",13,1,13,9,2
"37119000087",7,7,1,13,1
"3702700PR34",13,1,13,9,2
"37119000086",7,7,1,1,1
"3702700PR33",13,1,13,9,2
"37119000085",7,2,1,1,1
"37067000908",12,13,2,2,9
"3702700PR32",13,1,13,9,2
"37119000084",7,2,1,1,1
"37067000907",12,13,2,2,9
"3702700PR31",13,1,13,9,2
"37119000083",7,2,1,1,1
"37067000906",12,13,2,2,9
"3702700PR30",13,1,13,9,2
"37119000082",7,9,9,1,13
"37067000905",12,13,2,2,9
"37067000904",12,13,2,2,9
"37067000903",12,13,2,2,9
"37067000902",12,13,2,2,9
"37143EAST-H",4,6,6,8,8
"37067000901",12,13,2,2,9
"37065001101",5,6,6,8,8
"37067000909",12,13,2,2,9
"371810000WH",5,12,12,12,12
"3707700BTNR",6,12,12,12,12
"37113000007",1,10,10,10,10
"37113000006",1,10,10,10,10
"37113000005",1,10,10,10,10
"37119000070",7,7,1,1,1
"37113000004",1,10,10,10,10
"370210060.4",1,10,10,10,10
"37113000003",1,10,10,10,10
"37113000002",1,10,10,10,10
"370210060.2",1,10,10,10,10
"37113000001",1,10,10,10,10
"37067000083",12,13,2,2,9
"37067000082",12,13,2,2,9
"3714100GR06",3,3,5,5,5
"3710900ST36",13,1,13,9,2
"3702700PR25",13,1,13,9,2
"37119000077",10,7,1,1,1
"3702700PR24",13,1,13,9,2
"37119000076",7,7,1,1,1
"37119000075",7,7,1,1,1
"3702700PR22",13,1,13,9,2
"37113000009",1,10,10,10,10
"37119000074",7,7,1,1,1
"3702700PR21",13,1,13,9,2
"37113000008",1,10,10,10,10
"37119000073",7,7,1,1,1
"37119000072",7,7,1,1,1
"3717300WHCH",1,10,10,10,10
"37119000071",7,7,1,1,1
"3702700PR29",13,1,13,9,2
"37067000092",12,13,2,2,9
"3700700PEAC",11,2,9,3,11
"37119000079",10,9,7,13,13
"37067000091",12,13,2,2,9
"370810G40A2",9,12,8,4,7
"370810G40A1",9,12,8,4,7
"37045SHANGI",10,7,7,13,13
"37167000212",11,2,9,7,4
"37063055-49",8,8,12,12,12
"370210007.1",1,10,10,10,10
"370910000A3",4,6,6,8,8
"370910000A2",4,6,6,8,8
"370910000A1",4,6,6,8,8
"37119000092",7,7,1,1,1
"37119000091",7,7,1,1,1
"37119000090",7,2,1,1,1
"37119000099",7,2,1,1,1
"37119000098",10,7,1,13,1
"37119000097",7,7,1,1,1
"37119000096",7,2,1,1,1
"37119000095",7,2,1,1,1
"37119000094",7,2,1,1,1
"37119000093",7,7,1,1,1
"3708100G41B",9,12,8,4,7
"3708100G41A",9,12,8,4,7
"37113000010",1,10,10,10,10
"370830WEL-3",5,6,6,8,8
"3708100JEF4",9,12,8,4,7
"3713300HU20",3,3,5,5,5
"3708100JEF3",9,12,8,4,7
"3708100JEF2",9,12,8,4,7
"3708100JEF1",9,12,8,4,7
"37113000015",1,10,10,10,10
"37113000014",1,10,10,10,10
"37113000013",1,10,10,10,10
"37113000012",1,10,10,10,10
"37113000011",1,10,10,10,10
"3708100G40B",9,12,8,4,7
"3714100MH07",3,3,5,5,5
"37079000SH1",4,5,11,11,6
"3710900HC33",13,1,13,9,2
"370910000BR",4,6,6,8,8
"37181000SH2",5,12,12,12,12
"37181000SH1",5,12,12,12,12
"370210046.1",1,10,10,10,10
"37125000LTR",2,11,3,7,4
"3700300S1S2",13,1,13,9,2
"370210037.1",1,10,10,10,10
"37065000201",5,6,6,8,8
"3712500PHB2",2,11,3,3,11
"3712500PHB1",2,11,3,7,4
"370130CHOCO",4,6,6,8,8
"370210029.2",1,10,10,10,10
"37067000603",12,13,2,2,9
"37067000602",12,13,2,2,9
"37067000601",12,13,2,2,9
"370870000AC",1,10,10,10,10
"3706100FAIS",4,3,5,5,5
"37067000607",12,13,2,2,9
"37067000606",12,13,2,2,9
"37067000605",12,13,2,2,9
"37067000604",12,13,2,2,9
"371190078.1",10,7,7,13,13
"37111FORT-2",1,10,10,10,10
"37111FORT-1",1,10,10,10,10
"3712500PHA2",2,11,3,3,11
"3712500PHA1",2,11,3,3,11
"370830LIT-2",5,6,6,8,8
"370830LIT-1",5,6,6,8,8
"37063055-11",8,8,12,12,12
"3701300NCRK",4,6,6,8,8
"3705500DUCK",4,6,6,8,8
"370210011.1",1,10,10,10,10
"370210024.1",1,10,10,10,10
"37147000901",4,6,11,11,6
"3710900BC13",10,1,13,9,2
"3710900CF19",13,1,13,9,2
"371370002SW",4,6,6,8,8
"37041000005",4,6,6,8,8
"37041000004",4,6,6,8,8
"37041000003",4,6,6,8,8
"37041000002",4,6,6,8,8
"37041000001",4,6,6,8,8
"370130BEADM",4,6,6,8,8
"3707900SUGG",4,5,11,11,6
"37041000006",4,6,6,8,8
"37123000PEE",11,2,9,7,4
"370210059.1",1,10,10,10,10
"3708300ENF1",5,6,6,8,8
"3716300KEEN",2,11,3,3,11
"37115EBBS-C",1,10,10,10,10
"3713300JA01",3,3,5,5,5
"37171000029",12,1,2,2,9
"37171000028",12,1,2,2,9
"37131GALATI",4,6,6,8,8
"37171000027",12,13,2,2,9
"37171000026",12,13,2,2,9
"3713300GB12",3,3,5,5,5
"37171000025",12,1,2,2,9
"37171000024",12,13,2,2,9
"37171000023",12,13,2,2,9
"37135000CS1",8,8,12,12,12
"37171000022",12,13,13,9,9
"3710700000I",4,5,11,11,6
"37171000032",12,1,2,2,9
"37131GASTON",4,6,6,8,8
"37171000031",12,13,2,2,9
"37171000030",13,1,13,9,9
"3703100CCCP",3,3,5,5,5
"3710700000C",4,5,11,5,5
"370330000PH",9,12,8,4,7
"37171000018",12,13,2,2,9
"3710700000N",4,5,5,5,5
"37171000017",12,13,2,2,9
"37171000016",12,13,2,2,9
"37171000015",12,13,2,2,9
"37171000013",12,13,2,2,9
"37171000012",12,13,2,2,9
"37171000011",12,1,13,9,9
"3710700000W",4,3,5,5,5
"3710700000V",4,5,11,11,6
"3704300HIAW",1,10,10,10,10
"370130WASHP",4,6,6,8,8
"3703100WILD",3,6,5,5,5
"37171000019",12,13,2,2,9
"37097000CC4",13,1,13,9,2
"37097000CC3",13,1,13,9,2
"37097000CC2",13,1,13,9,2
"370210002.1",1,10,10,10,10
"37097000CC1",13,1,13,9,2
"37183013-09",5,4,4,6,3
"37183013-08",5,4,4,6,3
"37183013-07",5,5,4,6,3
"37183013-06",5,4,4,6,3
"3714100SH12",3,3,5,5,5
"37183013-05",5,4,4,6,3
"37067000207",12,13,2,2,9
"37067000206",12,13,2,2,9
"3719700NFAL",13,13,2,2,2
"37067000205",12,13,2,2,9
"37067000204",12,13,2,2,9
"37067000203",12,13,2,2,9
"37143BELVID",4,6,6,8,8
"37067000201",12,13,2,2,9
"37183013-11",5,4,4,6,3
"37183013-10",5,4,4,6,3
"37147001301",4,6,6,8,8
"370210033.3",1,10,10,10,10
"370210033.2",1,10,10,10,10
"370210042.1",1,10,10,10,10
"3706100WOLF",3,3,5,5,5
"37071000029",10,7,7,13,13
"37071000028",10,7,7,13,13
"3714500CUCL",9,12,8,4,7
"37071000027",10,7,7,13,13
"37071000026",10,7,7,13,13
"370530000WH",4,6,6,8,8
"371810000NH",5,12,12,12,12
"37071000025",10,7,7,13,13
"37071000024",10,7,7,13,13
"37071000023",10,7,7,13,13
"37111N.COVE",1,10,10,10,10
"37183013-02",5,4,4,6,3
"37183013-01",5,5,4,6,3
"3705100MB62",2,11,3,3,11
"37071000033",10,7,7,13,13
"37071000032",10,7,7,13,13
"37071000031",10,7,7,13,13
"37123000UWH",11,2,9,7,4
"37071000030",10,7,7,13,13
"37181000NH1",5,12,12,12,12
"37191001920",4,5,11,11,6
"37071000019",10,7,7,13,13
"3706100LOCK",3,3,5,5,5
"37071000018",10,7,7,13,13
"37071000017",10,7,7,13,13
"37071000016",10,7,7,13,13
"37071000015",10,7,7,13,13
"37071000014",10,7,7,13,13
"370630035.3",8,8,12,12,12
"37071000013",10,7,7,13,13
"37071000012",10,7,7,13,13
"3712900FP08",3,3,5,5,5
"3712900FP07",3,3,5,5,5
"3712900FP06",3,3,5,5,5
"3712900FP04",3,3,5,5,5
"3712900FP03",3,3,5,5,5
"37135000EA1",8,8,12,12,12
"370210020.1",1,10,10,10,10
"370530000PP",4,6,6,8,8
"37071000022",10,7,7,13,13
"37071000021",10,7,7,13,13
"37071000020",10,7,7,13,13
"37025010-00",11,2,9,7,4
"370490000N2",3,3,6,8,8
"370490000N1",3,3,6,8,8
"3715500032A",2,11,3,3,11
"3710900IS20",13,7,7,9,2
"37071000046",10,7,7,13,13
"3713500000H",9,8,8,4,7
"37071000045",10,7,7,13,13
"370490000N6",3,3,6,8,8
"3703100WIHA",3,6,5,5,5
"3705100SH77",2,11,3,3,11
"370490000N4",4,3,6,8,8
"3710900IS23",13,7,7,9,2
"37111CCREEK",1,10,10,10,10
"3706100CHIN",3,3,5,5,5
"37045POLKVL",10,7,7,13,13
"37081000H23",11,13,2,2,9
"37081000H22",11,13,2,2,9
"37183018-08",6,4,4,6,3
"37081000H21",11,13,2,2,9
"37183018-07",6,5,11,11,6
"370510G2E-1",2,11,3,3,11
"37183018-06",6,4,4,6,3
"37171000005",12,1,2,2,9
"37183018-05",8,5,11,11,3
"37171000004",12,1,13,9,9
"37183018-04",6,4,11,11,3
"37071000039",10,7,7,13,13
"37183018-03",8,4,4,6,3
"3708100NMAD",9,12,8,4,7
"370530000PB",4,6,6,8,8
"37071000038",10,7,7,13,13
"37183018-02",6,5,11,11,6
"37071000037",10,7,7,13,13
"37171000001",12,1,13,9,9
"37183018-01",6,4,11,11,6
"37071000036",10,7,7,13,13
"3714900CG05",1,10,10,10,10
"37071000035",10,7,7,13,13
"37125000DHR",11,11,3,7,4
"37131LASKER",4,6,6,8,8
"37071000034",10,7,7,13,13
"37081000H28",9,13,2,2,9
"37081000H26",11,13,2,2,9
"37081000H25",11,13,2,2,9
"37081000H24",9,13,2,2,9
"37171000009",12,1,2,2,9
"3709700CH-B",12,1,13,9,2
"3709700CH-A",12,1,13,9,2
"370210055.1",1,10,10,10,10
"370510G2E-2",2,11,3,3,11
"370130PANTE",4,6,6,8,8
"370210068.1",1,10,10,10,10
"37171000010",12,1,2,2,9
"37071000044",10,7,7,13,13
"37071000043",13,7,7,13,13
"37071000042",10,7,7,13,13
"37071000041",10,7,7,13,13
"37147000401",4,6,6,8,8
"37071000040",10,7,7,13,13
"37037ESC114",8,8,12,12,12
"37103000P06",4,3,5,5,5
"3710900WP32",13,1,13,9,2
"37103000P05",3,3,5,5,5
"37103000P04",3,3,5,5,5
"37103000P03",3,3,5,5,5
"37103000P02",4,3,5,5,5
"37065000801",4,6,6,8,8
"37103000P01",4,3,5,5,5
"37103000P07",3,3,5,5,5
"3706100MAGN",3,3,5,5,5
"371190107.1",10,9,7,1,13
"3703100MCRK",3,6,5,5,5
"3714100CT03",2,3,5,5,5
"3707700TYHO",5,12,12,12,12
"3716300KFRK",2,11,3,3,11
"370810H27-A",11,13,2,2,9
"37071000008",10,7,7,13,13
"37071000007",10,7,7,13,13
"37071000006",10,7,7,13,13
"37071000005",10,7,7,13,13
"37071000004",10,7,7,13,13
"37071000003",10,7,7,13,13
"37071000002",10,7,7,13,13
"37071000001",10,7,7,13,13
"37119000045",7,2,1,1,1
"37119000044",7,2,1,1,1
"37119000043",7,2,1,1,1
"37119000042",7,7,9,1,13
"3711100NEBO",1,10,10,10,10
"37119000041",10,9,7,1,13
"370810H27-B",9,13,2,2,9
"37119000040",10,9,7,1,13
"37071000009",10,7,7,13,13
"37025003-00",11,9,7,7,4
"37119000049",10,7,7,1,1
"37119000048",7,7,1,1,1
"37119000047",7,7,1,1,1
"37071000011",10,7,7,13,13
"37119000046",7,7,1,1,1
"37071000010",10,7,7,13,13
"37111GLENWD",1,10,10,10,10
"370630053-2",8,8,12,12,12
"370630053-1",8,8,12,12,12
"3717900017B",7,2,1,13,1
"3719909-SOU",1,10,10,10,10
"3717900017A",7,2,1,13,1
"37119000034",7,7,1,1,1
"37119000033",7,2,1,1,1
"37119000032",10,7,1,1,1
"37119000031",10,7,7,1,13
"37119000030",7,7,1,1,1
"37169000017",12,13,2,2,9
"37063000054",8,8,12,12,12
"37169000015",12,13,2,2,9
"37169000014",12,13,2,2,9
"37169000013",12,13,2,2,9
"3714500FLRI",9,12,8,4,7
"37169000012",12,13,2,2,9
"37119000039",10,7,7,13,13
"37169000011",12,13,2,2,9
"37119000038",10,7,1,1,1
"37169000010",12,13,2,2,9
"37119000037",10,7,7,1,1
"37119000036",7,7,1,1,1
"371070000SH",4,5,5,5,5
"37119000035",7,7,1,1,1
"3703300YANC",9,12,8,4,7
"37081000H12",11,13,2,2,9
"371750000BD",1,10,10,10,10
"37081000H11",11,13,2,2,9
"3705100CU02",2,11,3,3,11
"37081000H10",11,13,2,2,9
"371070000T2",4,5,5,5,5
"371070000T1",4,3,5,5,5
"37123000MTG",11,2,9,7,4
"37037NWM117",8,8,12,12,12
"37081000H18",11,13,2,2,9
"37081000H17",11,13,2,2,9
"3708700000P",1,10,10,10,10
"37081000H16",11,13,2,2,9
"371070000SW",4,5,5,5,5
"37081000H15",11,13,2,2,9
"37119000067",7,7,1,1,1
"37081000H14",11,13,2,2,9
"37119000066",7,7,1,1,1
"37063000048",8,8,12,12,12
"37081000H13",11,13,2,2,9
"37119000065",7,7,1,1,1
"37063000047",8,8,12,12,12
"37119000064",7,7,1,1,1
"37063000046",8,8,12,12,12
"37139000PRO",4,6,6,8,8
"37119000063",7,2,1,1,1
"37063000045",8,12,12,12,12
"37119000062",7,2,1,1,1
"37063000044",8,12,12,12,12
"37119000061",7,2,1,1,1
"37063000043",8,8,12,12,12
"37119000060",7,2,9,1,1
"37063000042",8,8,12,12,12
"37169000004",12,13,2,2,9
"37169000003",12,13,2,2,9
"3714500OLHI",9,12,8,4,7
"37169000002",12,13,2,2,9
"37169000001",12,13,2,2,9
"370130PINET",4,6,6,8,8
"37119000069",7,7,1,1,1
"37119000068",7,7,1,1,1
"3704900CLR4",4,3,6,8,8
"37169000009",12,13,2,2,9
"37081000H01",11,13,2,2,9
"37169000008",12,13,2,2,9
"37169000007",12,13,2,2,9
"3716300NGRV",2,11,11,11,11
"37063000052",8,8,12,12,12
"37063000051",8,8,12,12,12
"37063000050",8,8,12,12,12
"3716300HARR",2,11,3,3,11
"37081000H09",11,13,2,2,9
"370210061.1",1,10,10,10,10
"37081000H08",11,13,2,2,9
"3719910-PEN",1,10,10,10,10
"37081000H07",11,13,2,2,9
"37081000H06",11,13,2,2,9
"3703900ANNW",1,10,10,10,10
"37081000H05",11,13,2,2,9
"37081000H04",11,13,2,2,9
"37119000056",10,9,7,1,13
"37081000H03",11,13,2,2,9
"37119000055",10,9,7,1,13
"371370004HB",4,6,6,8,8
"37081000H02",11,13,2,2,9
"37119000054",10,9,7,1,13
"37119000053",10,7,7,13,13
"371750000B4",1,10,10,10,10
"370210052.1",1,10,10,10,10
"371750000B3",1,10,10,10,10
"37119000052",10,7,7,1,1
"37119000051",10,7,7,1,1
"371750000B2",1,10,10,10,10
"37119000050",7,7,1,1,1
"371750000B1",1,10,10,10,10
"370290000SM",4,6,6,8,8
"37119000059",7,7,1,1,1
"37183002-03",5,4,4,6,3
"370290000SH",4,6,6,8,8
"37119000058",10,7,1,1,1
"37183002-02",6,4,4,6,3
"370150000M2",4,6,6,8,8
"37119000057",7,7,1,1,1
"37183002-01",6,4,4,6,3
"370150000M1",4,6,6,8,8
"37081000CG2",9,12,8,4,7
"3714900SA04",1,10,10,10,10
"37081000CG1",9,12,8,4,7
"37067000133",12,13,2,2,9
"37067000132",12,13,2,2,9
"37067000131",12,13,2,2,9
"370510G5A-2",2,11,3,3,11
"370510G5A-1",2,11,3,3,11
"371810000NV",5,12,12,12,12
"37169000020",12,13,2,2,9
"37045GROVER",10,7,7,13,13
"37119000001",10,7,1,1,1
"37115MARS-H",1,10,10,10,10
"370130GILEA",4,6,6,8,8
"3706100GLIS",4,3,5,5,5
"371750000DR",1,10,10,10,10
"37025006-00",11,9,9,7,4
"37119000009",10,7,1,1,1
"37099000CUL",1,10,10,10,10
"37119000008",10,7,1,1,1
"37119000007",7,7,1,1,1
"37119000006",7,2,1,1,1
"37119000005",7,2,1,1,1
"37119000004",7,2,9,1,1
"3704700P26B",2,11,3,3,11
"37119000003",7,2,9,1,1
"37119000002",7,7,7,1,1
"37173ALARKA",1,10,10,10,10
"371750000CC",1,10,10,10,10
"370210008.3",1,10,10,10,10
"37067000122",11,13,2,2,9
"371190223.1",10,9,7,7,4
"370210008.2",1,10,10,10,10
"3708100SDRI",9,13,2,2,9
"37177000016",4,6,6,8,8
"37177000015",4,6,6,8,8
"371750000CM",1,10,10,10,10
"37177000014",4,6,6,8,8
"37063000016",8,8,12,12,12
"37063000015",8,8,12,12,12
"3700300LRSL",13,1,13,9,2
"37063000014",8,8,12,12,12
"37063000013",8,8,12,12,12
"3714100UT14",3,3,5,5,5
"37063000012",8,8,12,12,12
"37067000123",12,13,2,2,9
"37063000010",8,8,12,12,12
"37125000PHC",2,11,3,3,11
"3716300HERR",2,11,3,3,11
"370210039.3",1,10,10,10,10
"370210039.2",1,10,10,10,10
"3704700P25B",2,11,3,3,11
"37063000019",8,8,12,12,12
"37063000018",8,8,12,12,12
"37063000017",8,8,12,12,12
"3716300LAKE",2,11,3,3,11
"37183002-06",5,4,4,6,3
"37183002-05",6,4,4,6,3
"37183002-04",5,4,4,6,3
"37111T.COVE",1,10,10,10,10
"37119000023",10,9,7,1,13
"37063000005",8,8,12,12,12
"37119000022",10,7,7,1,13
"37063000004",8,8,12,12,12
"37119000021",10,7,7,1,1
"37063000003",8,8,12,12,12
"37119000020",10,7,7,1,1
"37063000002",8,8,12,12,12
"37063000001",8,8,12,12,12
"37115LAUREL",1,10,10,10,10
"370150000MH",4,6,6,8,8
"37119000029",7,2,1,1,1
"37119000028",7,2,9,1,1
"37119000027",7,9,7,1,13
"37063000009",8,8,12,12,12
"37119000026",10,9,7,1,13
"37063000008",8,8,12,12,12
"37119000025",10,9,7,1,13
"37063000007",8,8,12,12,12
"37119000024",10,9,7,1,13
"37063000006",8,8,12,12,12
"37055000HAT",4,6,6,8,8
"371010PR11B",5,5,11,11,6
"371010PR11A",5,5,11,11,6
"37119000012",10,9,7,1,13
"37063000038",8,8,12,12,12
"37119000011",10,9,7,1,13
"37063000037",8,8,12,12,12
"37119000010",10,7,7,1,1
"37063000036",8,8,12,12,12
"3707900SHIN",4,5,11,11,6
"3716100010A",10,1,10,10,13
"37063000033",8,8,12,12,12
"37063000032",6,8,12,12,12
"3703100MHD4",3,6,5,5,5
"37063000031",8,8,12,12,12
"3703100MHD3",3,6,5,5,5
"3703100MHD2",3,6,5,5,5
"37119000019",10,7,1,1,1
"3703100MHD1",3,6,5,5,5
"37045OAKGRV",10,7,7,13,13
"37119000018",7,7,1,1,1
"37119000017",7,7,1,1,1
"37119000016",10,9,7,1,13
"37119000015",7,7,1,1,1
"37119000014",7,7,1,1,1
"37119000013",7,7,7,1,13
"37063000039",8,8,12,12,12
"3719500PROL",4,6,11,11,6
"3710900DV08",13,1,13,9,2
"37143NEW-HO",4,6,6,8,8
"37081000PG2",9,12,8,4,7
"37081000PG1",9,12,8,4,7
"37063000041",8,8,12,12,12
"37063000040",8,8,12,12,12
"3714100NB01",3,3,5,5,5
"37051EO61-2",2,11,3,3,11
"371010PR10A",5,5,11,11,6
"37051EO61-1",2,11,3,3,11
"37065000301",4,6,6,8,8
"3713300ML23",3,3,5,5,5
"3716100009A",1,10,10,10,13
"370870000WW",1,10,10,10,10
"3703900HIWA",1,10,10,10,10
"37063000027",8,8,12,12,12
"37063000026",8,12,12,12,12
"3708100SMAD",9,12,8,4,7
"37063000025",8,12,12,12,12
"37063000024",8,8,12,12,12
"37063000023",6,8,12,12,12
"37063000022",8,8,12,12,12
"37063000021",8,8,12,12,12
"37063000020",8,8,12,12,12
"37045LAWNDL",10,7,7,13,13
"370130AUROR",4,6,6,8,8
"371010PR10B",5,5,11,11,6
"370530000CB",4,6,6,8,8
"37063000029",6,8,12,12,12
"37063000028",6,12,12,12,12
"3713300BC21",3,3,5,5,5
"3710100PR30",6,5,11,11,6
"370210070.1",1,10,10,10,10
"370530000CJ",4,6,6,8,8
"370530000CI",4,6,6,8,8
"37135000UNC",8,8,12,12,12
"370530000CH",4,6,6,8,8
"3710100PR38",2,11,11,11,6
"3710100PR37",6,5,11,11,6
"3710100PR36",6,5,11,11,6
"3710100PR35",6,5,11,11,6
"3710100PR34",5,5,11,11,6
"3710100PR33",6,5,11,11,6
"3710100PR32",5,5,11,11,6
"3719500PRSA",4,6,11,11,6
"370510G9B-2",2,11,3,3,11
"370510G9B-1",2,11,3,3,11
"3710100PR20",5,5,11,11,6
"370870000WE",1,10,10,10,10
"3714100CS04",3,3,5,5,5
"3707500EAST",1,10,10,10,10
"370870000WC",1,10,10,10,10
"370870000WO",1,10,10,10,10
"3710100PR28",6,5,11,11,6
"3710100PR26",6,5,11,11,6
"3710100PR25",5,5,11,11,6
"3710100PR24",6,5,11,11,6
"3710100PR22",6,5,11,11,6
"3710100PR21",5,5,11,11,6
"3706100CALY",4,3,5,5,5
"3710900NB35",10,1,13,9,2
"370150000IW",4,6,6,8,8
"37183020-17",8,4,4,6,3
"37183020-16",8,4,4,6,3
"37183020-15",8,4,4,6,3
"37183020-14",8,4,4,6,3
"37183020-12",8,4,11,11,3
"37183020-11",8,4,11,11,3
"370130PSJW3",4,6,6,8,8
"371471403A1",4,6,6,8,8
"3703100EMIS",3,6,5,5,5
"37143NICANO",4,6,6,8,8
"37183020-05",8,4,4,6,3
"37183020-04",8,4,4,6,3
"37183020-03",8,4,4,6,3
"3716100005A",10,7,7,13,13
"37183020-01",8,4,11,11,3
"3713701AL-A",4,6,6,8,8
"37183020-09",8,4,4,6,3
"37183020-08",8,4,11,11,3
"3719700SFAL",13,13,13,9,2
"370150000SN",4,6,6,8,8
"370210004.1",1,10,10,10,10
"3707900ARBA",4,5,11,11,6
"37183020-10",8,4,4,6,3
"37129000M04",3,3,5,5,5
"37129000M03",3,3,5,5,5
"37129000M02",3,3,5,5,5
"3703100BCRK",3,6,5,5,5
"3716100004A",1,10,10,10,13
"37129000M07",3,3,5,5,5
"37129000M06",3,3,5,5,5
"370150000W2",4,6,6,8,8
"370150000W1",4,6,6,8,8
"370870000SA",1,10,10,10,10
"370150000WD",4,6,6,8,8
"3703300STON",9,12,8,4,7
"37023000012",13,1,13,9,2
"37023000011",13,1,13,9,2
"370150000WH",4,6,6,8,8
"371471403A2",4,6,6,8,8
"37023000019",13,1,10,10,10
"37023000018",13,1,10,10,10
"37023000015",13,1,13,9,2
"37023000014",13,1,13,9,2
"37023000013",13,1,13,9,2
"371150SOUTH",1,10,10,10,10
"371070000FC",4,5,5,5,5
"3716100006A",1,10,10,10,10
"3705100AL51",2,11,3,3,11
"3701300OLDF",4,6,6,8,8
"37023000001",13,1,13,9,2
"370210047.1",1,10,10,10,10
"37025011-02",11,9,9,7,4
"37025011-01",11,9,9,7,4
"3714700800B",4,6,6,8,8
"3714700800A",4,6,6,8,8
"3714900WO06",1,10,10,10,10
"370210034.1",1,10,10,10,10
"37023000003",13,1,13,9,2
"37183007-09",6,4,4,6,3
"3703900ANSW",1,10,10,10,10
"37183007-11",6,4,4,6,3
"37183007-10",6,4,4,6,3
"3703100HAIS",3,6,5,5,5
"370130000HB",4,6,6,8,8
"370210017.1",1,10,10,10,10
"37023000034",13,1,13,9,2
"3711700000J",4,6,6,8,8
"37023000031",13,1,13,9,2
"37183007-13",6,4,4,6,3
"37183007-12",6,4,4,6,3
"37023000039",13,1,13,13,10
"37023000038",13,1,13,9,2
"370530000KI",4,6,6,8,8
"37023000036",13,1,13,13,10
"37023000035",13,1,13,9,2
"3703100DASW",3,6,5,5,5
"3711700000W",4,6,6,8,8
"3708100MON3",9,12,8,4,7
"3708100MON1",9,12,8,4,7
"37023000022",13,1,13,9,2
"37183007-07",6,4,4,6,3
"37111PLEASA",1,10,10,10,10
"37023000021",13,1,13,9,2
"37183007-06",6,4,4,6,3
"37023000020",13,1,10,10,10
"37183007-05",6,4,4,6,3
"37183007-04",6,4,4,6,3
"37183007-03",6,4,4,6,3
"37183007-02",6,4,4,6,3
"37183007-01",6,4,4,6,3
"370150000RX",4,6,6,8,8
"37023000024",13,1,13,9,2
"37099000RIV",1,10,10,10,10
"371010PR12B",5,5,11,11,6
"371010PR12A",5,5,11,11,6
"370210012.1",1,10,10,10,10
"37147000601",4,6,6,8,8
"37065001202",5,6,6,8,8
"37065001201",5,6,6,8,8
"370530000MY",4,6,6,8,8
"37065001205",5,6,6,8,8
"3712700P02A",5,6,6,8,8
"37065001204",5,6,6,8,8
"37065001203",5,6,6,8,8
"3703300LEAS",9,12,8,4,7
"37159000004",12,9,2,7,4
"37159000003",12,9,9,7,4
"37159000002",11,9,9,7,4
"37159000001",12,9,9,7,4
"370210069.1",1,10,10,10,10
"370830RR-11",5,6,6,8,8
"370830RR-10",5,6,6,8,8
"37159000009",12,9,9,7,4
"37159000008",12,9,2,7,4
"3719500PRST",4,6,11,11,6
"37159000007",12,9,2,7,4
"3719500PRSP",4,6,11,11,6
"37125000RBN",11,11,3,7,4
"3703100MERR",3,6,5,5,5
"3712700P01A",5,6,6,8,8
"3713704MSIC",4,6,6,8,8
"37003T1T4T5",13,1,13,9,2
"370290000CH",4,6,6,8,8
"3719500PRTA",4,6,11,11,6
"3719500PRTO",4,6,11,11,6
"3713300BM08",3,3,5,5,5
"3716300TURK",2,11,3,3,11
"3719500PRWB",4,6,11,11,6
"3719500PRWA",4,6,11,11,6
"37183010-04",5,5,4,6,6
"3712700P04A",5,6,11,11,6
"37183010-03",5,5,4,6,6
"370530000GW",4,6,6,8,8
"37183010-02",5,5,4,6,6
"37183010-01",5,5,4,6,6
"3719500PRWJ",4,6,11,11,6
"3719500PRWI",4,6,11,11,6
"3719500PRWH",4,6,11,11,6
"3719500PRWE",4,6,11,11,6
"37159000027",12,9,2,7,4
"3719500PRWD",4,6,11,11,6
"37159000026",12,9,9,7,4
"3719500PRWC",4,6,11,11,6
"37159000025",12,9,9,7,4
"3719500PRWR",4,6,11,11,6
"37159000024",12,9,2,7,4
"3719500PRWQ",4,6,11,11,6
"37159000023",12,9,9,7,4
"3719500PRWP",4,6,11,11,6
"37159000022",12,2,9,7,4
"37159000021",12,9,9,7,4
"3719500PRWN",4,6,11,11,6
"3719500PRWM",4,6,11,11,6
"3719500PRWL",4,6,11,11,6
"3719500PRWK",4,6,11,11,6
"3704300HAY2",1,10,10,10,10
"3704300HAY1",1,10,10,10,10
"37159000029",12,9,2,7,4
"37159000028",12,9,9,7,4
"3712700P03A",5,6,6,8,8
"37159000016",11,9,9,7,4
"3717900028D",7,2,1,13,1
"3717900028C",7,2,1,13,1
"37159000015",12,9,9,7,4
"3717900028B",7,2,1,13,1
"37159000013",12,9,9,7,4
"3717900028A",7,2,1,13,1
"37159000012",12,9,2,7,4
"37131SEVERN",4,6,6,8,8
"3701300RVRD",4,6,6,8,8
"37159000011",12,9,9,7,4
"37159000010",12,9,9,7,4
"370210003.1",1,10,10,10,10
"37193000128",13,1,13,9,2
"37193000127",13,1,13,9,2
"37193000126",13,1,13,9,2
"37193000125",13,1,13,9,2
"37159000018",12,9,9,7,4
"37193000124",13,1,13,9,2
"37193000123",13,1,13,9,2
"37159000017",11,9,9,7,4
"37193000122",13,13,13,9,2
"370530000IR",4,6,6,8,8
"37193000121",13,1,13,9,2
"37059000006",12,13,2,2,9
"3707700SASS",5,12,12,12,12
"37059000005",12,13,2,2,9
"37131COMIPE",4,6,6,8,8
"37059000004",12,13,2,2,9
"3704700P20A",2,11,3,3,11
"37059000003",12,13,2,2,9
"37059000002",12,13,2,2,9
"37193000129",13,1,13,9,2
"37059000001",12,13,2,2,9
"37155000001",2,11,3,3,11
"37059000009",12,13,2,2,9
"37155000009",2,11,3,3,11
"37059000008",12,13,2,2,9
"37155000008",2,11,3,3,11
"37059000007",12,13,2,2,4
"37155000007",2,11,3,3,11
"371350000WD",8,8,12,12,12
"37155000004",2,11,3,3,11
"371350000WC",9,8,8,12,12
"37155000003",2,11,3,3,11
"37155000002",2,11,3,3,11
"370210043.2",1,10,10,10,10
"37193000117",13,1,13,9,2
"37193000114",13,1,13,9,2
"37193000112",13,1,13,9,2
"37193000111",13,1,13,9,2
"371350000WH",9,8,8,4,7
"370210030.3",1,10,10,10,10
"370210030.2",1,10,10,10,10
"3716300ROWA",2,11,3,3,11
"3713300TL06",3,3,5,5,5
"3707700MTEN",5,4,4,12,12
"37193000119",13,1,13,9,2
"37193000118",13,1,13,9,2
"37067000702",12,13,2,2,9
"3707700CORI",5,12,12,12,12
"37067000701",12,13,2,2,9
"37193000120",13,1,13,9,2
"3713300VR15",3,3,5,5,5
"37067000709",12,13,2,2,9
"37057000044",11,13,2,2,9
"37067000708",12,13,2,2,9
"37067000707",12,13,2,2,9
"37057000042",11,2,9,7,9
"37067000706",12,13,2,2,9
"3713300MT24",3,3,5,5,5
"37067000705",12,13,2,2,9
"370130EDWAR",4,6,6,8,8
"37057000040",11,9,2,7,9
"3713300EN03",3,3,5,5,5
"37067000704",12,13,2,2,9
"37067000703",12,13,2,2,9
"371390SOUTH",4,6,6,8,8
"37057000048",11,13,2,2,9
"370870000HA",1,10,10,10,10
"37057000046",11,13,2,2,9
"3719500PRBL",4,6,11,11,6
"3704700P22A",2,11,3,3,11
"37155000023",2,11,3,3,11
"37155000022",2,11,3,3,11
"37155000021",2,11,3,3,11
"37155000020",2,11,3,3,11
"37045MRB-YO",10,7,7,13,13
"37155000029",2,11,3,3,11
"37155000028",2,11,3,3,11
"37057000032",11,13,2,2,9
"37155000025",2,11,3,3,11
"37155000024",2,11,3,3,11
"37057000030",11,9,2,7,9
"37057000038",11,13,2,7,9
"3713300CL10",3,3,5,5,5
"37037MCH110",8,8,12,12,12
"37057000036",11,13,2,2,9
"37057000034",11,13,2,2,9
"370210025.1",1,10,10,10,10
"37059000014",12,13,2,2,9
"37059000013",12,13,2,2,9
"37059000012",12,13,2,2,9
"3701300TCRK",4,6,6,8,8
"37155000012",2,11,3,3,11
"37059000011",12,13,2,2,9
"37155000011",2,11,3,3,11
"37169001819",9,13,2,2,9
"37059000010",12,13,2,2,9
"37155000010",2,11,3,3,11
"370870000IH",1,10,10,10,10
"371150NORTH",1,10,10,10,10
"37155000019",2,11,3,3,11
"371350000WW",8,8,12,12,12
"37155000017",2,11,3,3,11
"37155000016",2,11,3,3,11
"37057000066",11,13,9,2,9
"37155000015",2,11,3,3,11
"37155000014",2,11,3,3,11
"37057000064",11,13,9,2,9
"37155000013",2,11,3,3,11
"37057000062",11,13,9,2,9
"37057000060",11,13,9,2,9
"3703100ABCH",3,6,5,5,5
"370870000JC",1,10,10,10,10
"37057000068",11,13,9,2,9
"37051000G5C",2,11,3,3,11
"371070000K5",4,5,5,5,5
"37083000RRC",5,6,6,8,8
"370210065.1",1,10,10,10,10
"371070000K4",4,5,11,11,6
"371070000K3",4,5,5,5,5
"37165005-10",2,11,3,3,11
"371070000K2",4,5,5,5,5
"371070000K1",4,5,5,5,5
"3713300WN04",3,3,5,5,5
"371070000K9",4,5,11,11,6
"37183003-00",8,4,11,11,3
"371070000K8",4,5,5,5,5
"371070000K7",4,5,5,5,5
"371070000K6",4,5,5,11,6
"37057000054",11,2,9,7,9
"37135000WDS",8,8,12,12,12
"37057000052",11,2,9,7,9
"3708100SUM4",9,12,8,4,7
"3708100SUM3",9,12,8,4,7
"370450CASAR",10,7,7,13,10
"37057000050",11,13,2,2,9
"3708100SUM2",9,12,8,4,7
"371350000SJ",8,8,8,12,12
"3708100SUM1",9,12,8,4,7
"370210056.2",1,10,10,10,10
"370870000ID",1,10,10,10,10
"3719700NKNB",13,13,13,9,2
"37057000058",12,9,9,7,4
"37147000501",4,6,6,8,8
"37057000056",11,2,9,7,4
"37051000G4C",2,11,3,3,11
"371070000MH",4,5,11,11,6
"37051000G4B",2,11,3,3,11
"37051000G4A",2,11,3,3,11
"3703100PELE",3,3,5,5,5
"370870000CE",1,10,10,10,10
"37183014-02",5,4,4,6,3
"37183014-01",6,4,4,6,3
"3716300ROSE",2,11,3,3,11
"37193000106",13,1,13,9,2
"37193000105",13,1,13,9,2
"37193000104",13,1,13,9,2
"37193000103",13,1,13,9,2
"370870000CR",1,10,10,10,10
"37193000102",13,1,13,9,2
"37057000008",11,2,9,7,9
"37193000101",13,1,13,9,2
"371350000RF",8,8,12,12,12
"371350000RE",8,8,12,12,12
"37057000006",11,9,2,7,9
"37057000004",11,13,2,2,9
"37193000109",13,1,13,9,2
"37193000108",13,1,13,9,2
"371350000TO",9,8,8,4,7
"37193000107",13,1,13,9,2
"37051000G7B",2,11,3,3,11
"37051000G7A",2,11,3,3,11
"370870000BC",1,10,10,10,10
"371230000T2",11,2,9,7,4
"371230000T1",11,2,9,7,4
"37189000020",1,1,13,9,2
"370890000CC",1,10,10,10,10
"370890000CB",1,10,10,10,10
"3713300HM05",3,3,5,5,5
"3709500SLAD",4,6,6,8,8
"37051000G6C",2,11,3,3,11
"370230047-B",13,1,13,9,2
"3713900EAST",4,6,6,8,8
"371350000SM",9,8,12,4,7
"37051000G6B",2,11,3,3,11
"370230047-A",13,1,10,10,10
"3716300INGO",2,11,3,3,11
"37051000G6A",2,11,3,3,11
"3714701403B",4,6,6,8,8
"370870000EF",1,10,10,10,10
"37129000H02",3,3,5,5,5
"37129000H01",3,3,5,5,5
"37057000022",11,13,9,2,9
"37057000020",11,2,9,7,9
"37129000H08",3,3,5,5,5
"370890000BC",1,10,10,10,10
"37129000H06",3,3,5,5,5
"371750000WC",1,10,10,10,10
"37129000H05",3,3,5,5,5
"371350000TH",8,8,12,12,12
"37129000H04",3,3,5,5,5
"37129000H03",3,3,5,5,5
"37057000028",11,9,2,2,9
"3709300006B",2,11,3,3,11
"37057000026",11,13,2,2,9
"370890000BK",1,10,10,10,10
"37057000024",11,13,9,2,9
"37159000041",12,9,9,7,4
"3705500AVON",4,6,6,8,8
"3710100PR14",6,5,11,11,6
"3710100PR13",6,5,11,11,6
"37159000040",12,9,9,7,4
"3703100NPT2",3,3,5,5,5
"3703100NPT1",3,6,5,5,5
"3718100MIDD",5,12,12,12,12
"3713300SW19",3,3,5,5,5
"3710100PR19",6,5,11,11,6
"37051000G1B",2,11,3,3,11
"37159000045",12,9,9,7,4
"37051000G1A",2,11,3,3,11
"37159000044",12,9,9,7,4
"37057000010",11,9,2,7,9
"37159000042",12,9,9,7,4
"370890000EF",1,10,10,10,10
"37147001001",4,6,6,8,8
"3716300MING",2,11,3,3,11
"370890000ED",1,10,10,10,10
"371330NE22B",3,3,5,5,5
"37057000018",11,2,9,7,4
"371330NE22A",3,3,5,5,5
"3715700LK-2",9,12,8,4,7
"37057000016",11,13,2,2,9
"37057000014",11,2,9,7,4
"37057000012",11,2,9,7,4
"3710100PR04",2,11,11,11,6
"37159000030",12,9,9,7,4
"3704300HAYC",1,10,10,10,10
"37067000306",12,13,2,2,9
"37067000305",12,13,2,2,9
"37067000304",12,13,2,2,9
"370890000EV",1,10,10,10,10
"37067000303",12,13,2,2,9
"37093000065",2,11,3,3,11
"37067000302",12,13,2,2,9
"37093000064",2,11,3,3,11
"37067000301",12,13,2,2,9
"370890000ES",1,10,10,10,10
"37093000063",2,11,3,3,11
"37093000062",2,11,3,3,11
"37159000038",12,9,9,7,4
"37093000061",2,11,3,3,11
"3710100PR09",5,5,11,11,6
"37159000036",12,9,9,7,4
"3710100PR08",6,5,11,11,6
"37159000035",12,9,9,7,4
"3710100PR07",6,5,11,11,6
"37159000034",12,9,9,7,4
"37159000033",12,9,9,7,4
"37159000032",12,9,2,7,4
"37159000031",12,9,9,7,4
"370870000PC",1,10,10,10,10
"37159000039",12,9,9,7,4
"3719902-CAN",1,10,10,10,10
"37051000G3B",2,11,3,3,11
"37169000506",12,13,2,2,9
"37099000QUA",1,10,10,10,10
"370210062.1",1,10,10,10,10
"37111HIGGIN",1,10,10,10,10
"37129000H13",3,3,5,5,5
"37129000H12",3,3,5,5,5
"3717900029C",7,2,1,13,1
"37129000H11",3,3,5,5,5
"3717900029B",7,2,1,13,1
"37129000H10",3,3,5,5,5
"3717900029A",7,2,1,13,1
"37051000G3C",2,11,3,3,11
"370210021.1",1,10,10,10,10
"37001001210",9,12,8,4,7
"37051000G2A",2,11,3,3,11
"370550000EL",4,6,6,8,8
"37051000G2D",2,11,3,3,11
"37051000G2B",2,11,3,3,11
"3715900005A",12,9,9,7,4
"37189000011",13,1,13,9,2
"37189000010",13,1,13,9,2
"37189000019",13,1,13,9,2
"37189000018",13,1,13,9,2
"37189000017",1,1,13,9,2
"37189000016",13,1,13,9,2
"37189000015",13,1,13,9,2
"37189000014",13,1,13,9,2
"37189000013",13,1,13,9,2
"37047000P21",2,11,3,3,11
"37189000012",13,1,13,9,2
"370970000OL",12,1,13,9,2
"37131NEWTOW",4,6,6,8,8
"37047000P24",2,11,3,3,11
"37047000P23",2,11,3,3,11
"37081NCLAY2",9,12,8,4,7
"37081NCLAY1",9,12,8,4,7
"37183019-21",5,5,4,6,3
"37183019-20",5,5,4,6,3
"37123000WAD",11,2,9,7,4
"3714100UU17",3,3,5,5,5
"3713704VM-A",4,6,6,8,8
"37189000008",13,1,13,9,2
"370210009.1",1,10,10,10,10
"37189000007",13,1,13,9,2
"37189000006",13,1,13,9,2
"37189000005",13,1,13,9,2
"37147000101",4,6,6,8,8
"37189000004",13,1,13,9,2
"37189000003",13,1,13,9,2
"37047000P10",2,11,3,3,11
"37189000002",13,1,13,9,2
"37189000001",13,1,13,9,2
"370890000AR",1,10,10,10,10
"37065000901",4,6,6,8,8
"3719500PRCR",4,6,11,11,6
"37047000P18",2,11,3,3,11
"37047000P17",2,11,3,3,11
"37189000009",13,1,13,9,2
"37047000P15",2,11,3,3,11
"37047000P14",3,3,5,5,5
"37047000P13",2,11,3,3,11
"37047000P12",2,11,3,3,11
"37047000P11",2,11,3,3,11
"370970000SB",13,1,13,9,2
"370890000AT",1,10,10,10,10
"3716300CLSW",2,11,3,3,11
"370970DV1-B",13,1,13,9,2
"37047000P19",2,11,3,3,11
"370970DV1-A",13,1,13,9,2
"37035000008",13,1,13,9,2
"37035000007",13,1,13,9,2
"37035000006",13,1,13,9,2
"37035000005",13,1,13,9,2
"37035000004",13,1,13,9,2
"37191002530",4,5,11,11,6
"37035000003",13,1,13,9,2
"37035000002",13,1,13,9,2
"37035000001",13,1,13,9,2
"3703300PELH",9,12,8,4,7
"3710900OB21",13,7,7,9,2
"3719500PRGA",4,6,11,11,6
"37035000009",13,1,13,9,2
"370210040.2",1,10,10,10,10
"3716300CLWE",2,11,3,3,11
"370310OTBEG",3,6,5,5,5
"37143WEST-H",4,6,6,8,8
"3705100G10C",2,11,3,3,11
"3705100G10B",2,11,3,3,11
"3713100GAPL",4,6,6,8,8
"3705100G10A",2,11,3,3,11
"37065000401",4,6,6,8,8
"37185000014",5,12,12,8,8
"37185000013",5,12,12,8,8
"37183004-19",8,4,4,6,3
"37185000012",5,12,12,8,8
"37183004-18",6,4,4,6,3
"37185000011",5,12,12,8,8
"37183004-17",6,4,4,6,3
"371570000SE",9,12,8,4,7
"37185000010",5,12,12,8,8
"370830000SN",5,6,6,8,8
"3714100RP20",3,3,5,5,5
"370210071.1",1,10,10,10,10
"37183004-21",6,4,4,6,3
"3700700POLK",11,2,9,3,11
"3719700SKNB",13,13,13,9,2
"37183004-20",8,4,4,6,3
"37051000G9A",2,11,3,3,11
"370870000LJ",1,10,10,10,10
"37185000004",5,12,12,8,8
"37185000003",5,12,12,8,8
"37183004-09",6,4,4,6,3
"371010PR23B",6,5,11,11,6
"37185000002",5,12,12,8,8
"37183004-08",6,4,4,6,3
"371010PR23A",6,5,11,11,6
"37185000001",5,12,12,8,8
"37183004-07",8,4,4,6,3
"37183004-06",8,4,4,6,3
"37083WEL1-2",4,6,6,8,8
"371570000RC",9,12,8,4,7
"37185000009",5,6,6,8,8
"37185000008",5,6,6,8,8
"37185000007",5,12,12,8,8
"37183008-11",6,4,4,6,3
"37185000006",5,12,12,8,8
"37183008-10",6,4,4,6,3
"37185000005",5,12,12,8,8
"3710900DW28",13,1,13,9,2
"370890000MG",1,10,10,10,10
"37183004-16",6,4,4,6,3
"37183004-15",8,4,4,6,3
"37183004-14",8,4,4,6,3
"37183004-13",8,4,4,6,3
"37183004-12",6,4,4,6,3
"37051000G8D",2,11,3,3,11
"37183004-11",6,4,4,6,3
"37051000G8C",2,11,3,3,11
"37183004-10",8,4,4,6,3
"37051000G8B",2,11,3,3,11
"37051000G8A",2,11,3,3,11
"371350000EH",8,8,12,12,12
"370830ENF-2",5,6,6,8,8
"371350000EF",9,8,8,4,7
"37099000SAV",1,10,10,10,10
"3707700BERE",5,12,12,12,12
"371350000ES",8,8,12,12,12
"370890000NE",1,10,10,10,10
"37183019-12",5,4,4,6,3
"37183019-11",5,4,4,6,3
"370890000NB",1,10,10,10,10
"370890000LJ",1,10,10,10,10
"37183019-19",5,5,4,6,3
"37183019-18",5,5,4,6,3
"37183019-17",5,5,4,6,3
"37183019-16",5,5,4,6,3
"37183019-15",5,4,4,6,3
"37183019-14",5,4,4,6,3
"371350000HF",8,8,12,12,12
"37183019-13",5,4,4,6,3
"371350000HE",9,8,8,4,7
"370890000LP",1,10,10,10,10
"3700700BURN",11,2,1,3,11
"37115HOT-SP",1,10,10,10,10
"37047000P07",2,11,3,3,11
"3713300SF18",3,3,5,5,5
"37047000P06",2,11,3,3,11
"37047000P05",2,11,3,3,11
"37047000P04",2,11,3,3,11
"37047000P03",2,11,3,3,11
"371370001GB",4,6,6,8,8
"37047000P09",2,11,3,3,11
"3704500S-4A",10,7,7,13,13
"37183019-09",5,5,4,6,3
"370970000NH",13,1,13,9,2
"37047000P08",2,11,3,3,11
"37183019-07",5,5,4,6,3
"37183019-05",5,4,4,6,3
"37123000ELD",11,2,9,7,4
"37183019-03",5,4,4,6,3
"37125EUR-WP",2,11,3,7,4
"37099000SCC",1,10,10,10,10
"370890000GM",1,10,10,10,10
"371350000GB",9,8,8,4,7
"370510G5B-2",2,11,3,3,11
"370510G5B-1",2,11,3,3,11
"371350000GL",8,8,12,12,12
"370890000GR",1,10,10,10,10
"370210005.1",1,10,10,10,10
"3706100ROCK",3,3,5,5,5
"370890000FL",1,10,10,10,10
"37111M.COVE",1,10,10,10,10
"3703100PKNL",3,6,5,5,5
"370890000FR",1,10,10,10,10
"3705700086A",11,13,2,2,9
"37165001-16",2,11,3,3,11
"3705500NGHD",4,6,6,8,8
"37125000EAB",2,11,3,3,11
"37131LAKE-G",4,6,6,8,8
"371750000LR",1,10,10,10,10
"371570000WS",12,12,8,4,7
"37099000WEB",1,10,10,10,10
"370890000HC",1,10,10,10,10
"37183008-09",6,4,4,6,3
"37183008-08",6,4,4,12,12
"37183008-07",6,4,4,6,3
"371350000DA",8,8,12,12,12
"37183008-06",6,4,4,6,3
"37183008-05",6,4,4,6,3
"371010PR29A",5,5,11,11,6
"3716100016A",1,10,10,10,13
"37183008-04",6,4,4,6,3
"3714700200B",4,6,6,8,8
"37183008-03",6,4,4,6,3
"3714700200A",4,6,6,8,8
"370810NCGR2",9,12,8,4,7
"37183008-02",6,4,4,6,3
"37119000100",7,2,1,1,1
"3714100SB02",3,3,5,5,5
"370890000HS",1,10,10,10,10
"37119000108",7,2,1,1,1
"3701900004A",3,3,5,5,5
"37119000106",7,7,1,1,1
"37119000105",7,9,9,1,13
"371010PR29B",5,5,11,11,6
"37069000010",5,6,6,8,8
"37119000104",7,2,9,1,1
"37119000103",7,2,1,1,1
"371350000DM",8,8,12,12,12
"37119000102",7,2,1,1,1
"37119000101",7,7,1,1,1
"371170000PP",4,6,6,8,8
"3703900RGER",1,10,10,10,10
"37069000018",5,4,6,6,3
"37069000017",5,4,6,8,8
"3704900VE14",4,3,6,8,8
"370210035.1",1,10,10,10,10
"37069000016",5,4,6,8,8
"37069000015",5,4,6,8,8
"37119000109",7,7,1,1,1
"37069000014",5,4,6,8,8
"3707700SALM",5,12,12,12,12
"371350000CB",8,8,12,12,12
"37069000013",5,6,6,8,8
"371350000CA",9,8,8,4,7
"37069000012",5,4,6,8,8
"37069000011",5,4,6,8,8
"370210027.2",1,10,10,10,10
"3708100CG3B",9,12,8,4,7
"3708100CG3A",9,12,8,4,7
"371350000CH",8,8,12,12,12
"37069000019",5,4,6,6,3
"371350000CG",9,8,8,4,7
"37095000ENG",4,6,6,8,8
"371350000CF",8,8,12,12,12
"370210018.2",1,10,10,10,10
"371350000CP",9,8,8,4,7
"370970000UG",12,1,13,9,2
"371350000CO",8,8,12,12,12
"3717900020B",7,2,1,13,1
"3717900020A",7,2,1,13,1
"370810NCGR1",9,12,8,4,7
"371350000CX",9,8,8,4,7
"37035000022",13,1,13,9,2
"371350000CW",9,8,12,4,7
"37035000021",13,1,13,9,2
"37069000007",5,4,6,8,8
"37035000020",13,1,13,9,2
"37069000006",5,6,6,8,8
"37069000005",5,4,6,8,8
"37069000003",5,4,4,6,3
"37069000002",5,4,6,8,8
"37135000ENO",9,8,12,4,7
"37069000001",5,4,6,8,8
"37035000029",13,1,13,9,2
"37035000028",13,1,13,9,2
"371750000EF",1,10,10,10,10
"3714500ALVI",9,12,8,4,7
"37035000027",13,1,13,9,2
"37035000026",13,1,13,9,2
"37035000025",13,1,13,9,2
"37035000024",13,1,13,9,2
"37035000023",13,1,13,9,2
"37069000009",5,4,6,8,8
"371350000NS",8,8,12,12,12
"37069000008",5,4,6,8,8
"3710900LN11",10,1,13,9,2
"3704300WARN",1,10,10,10,10
"37153000003",2,11,3,3,11
"37153000002",2,11,3,3,11
"37153000001",2,2,9,3,11
"37045000S-S",10,7,7,13,13
"370970000TB",12,1,13,9,2
"37035000011",13,1,13,9,2
"37035000010",13,1,13,9,2
"37153000009",2,2,9,3,11
"37153000008",2,2,9,3,11
"3705700080A",11,13,2,2,9
"37153000007",2,2,9,3,11
"37153000006",2,2,9,3,11
"37153000005",2,2,9,3,11
"37035000019",13,1,13,9,2
"37153000004",2,2,9,3,11
"371570000DR",9,12,8,4,7
"37035000017",13,1,13,9,2
"37035000016",13,1,13,9,2
"37035000015",13,1,13,9,2
"3719700SBCK",13,13,13,9,2
"37035000014",13,1,13,9,2
"37035000013",13,1,13,9,2
"37035000012",13,1,13,9,2
"371190139.1",7,7,1,13,1
"3704500WACO",10,7,7,13,13
"37147000701",4,6,6,8,8
"37093000005",2,11,3,3,11
"3714100CL05",3,3,5,5,5
"370950000FF",4,6,6,8,8
"37093000004",2,11,3,3,11
"3708300RR-4",5,6,6,8,8
"37093000003",2,11,3,3,11
"3708300RR-3",5,6,6,8,8
"37093000002",2,11,3,3,11
"37007000ANS",11,2,9,3,11
"37093000001",2,11,3,3,11
"37045FALSTN",10,7,7,13,13
"371170000R2",4,6,6,8,8
"37123000ROC",11,2,9,7,4
"371170000R1",4,6,6,8,8
"3716300SBRG",2,11,3,3,11
"371350000NC",8,8,12,12,12
"3710900LI14",13,7,7,9,2
"3706100CFRK",3,3,5,5,5
"37019000002",3,3,5,5,5
"37035000041",13,1,13,9,2
"37019000001",3,3,5,5,5
"37035000040",13,1,13,9,2
"3708300RR-9",5,6,6,8,8
"3708300RR-7",5,6,6,8,8
"3708300RR-5",5,6,6,8,8
"37045000S-5",10,7,7,13,13
"37019000009",3,3,5,5,5
"37019000008",3,3,5,5,5
"37045000S-C",10,7,7,13,13
"37019000007",3,3,5,5,5
"37019000006",3,3,5,5,5
"37019000005",3,3,5,5,5
"370210057.1",1,10,10,10,10
"37019000003",3,3,5,5,5
"3704300SWEE",1,10,10,10,10
"3703900HANG",1,10,10,10,10
"3710900DN29",13,1,13,9,2
"37065001301",5,6,6,8,8
"37035000033",13,1,13,9,2
"37035000032",13,1,13,9,2
"37035000031",13,1,13,9,2
"3703100NRIV",3,6,5,5,5
"37035000030",13,1,13,9,2
"3718320-06B",8,4,11,11,3
"3718320-06A",8,4,11,11,3
"37111WEST-M",1,10,10,10,10
"3707900BEAR",4,5,11,11,6
"37035000039",13,1,13,9,2
"37035000038",13,1,13,9,2
"37035000037",13,1,13,9,2
"3719904-RAM",1,10,10,10,10
"370450000BR",10,7,7,13,13
"371350000OG",8,8,8,4,7
"37035000036",13,1,13,9,2
"37035000035",13,1,13,9,2
"37035000034",13,1,13,9,2
"3706100SMCA",4,3,5,5,5
"37073000005",4,6,6,8,8
"37025007-00",11,2,9,7,4
"37073000003",4,6,6,8,8
"37073000002",4,6,6,8,8
"37073000001",4,6,6,8,8
"3712700P14A",5,6,6,8,8
"371570000EC",9,12,8,4,7
"37153000014",11,2,9,3,11
"37153000013",2,11,3,3,11
"3703900MURN",1,10,10,10,10
"37153000012",2,11,3,3,11
"37153000011",2,11,3,3,11
"371350000OW",8,8,12,12,12
"37153000010",2,11,3,3,11
"37019000023",3,3,5,5,5
"371350000PA",8,8,12,12,12
"37019000022",3,3,5,5,5
"37019000021",3,3,5,5,5
"3703900MURS",1,10,10,10,10
"37037PIT113",8,8,12,12,12
"37019000020",3,3,5,5,5
"37153000016",11,11,3,3,11
"3704500LATT",10,7,7,13,13
"37153000015",11,11,3,3,11
"371390000MH",4,6,6,8,8
"3719700NLIB",13,13,2,2,2
"3712700P13A",5,6,6,8,8
"371010PR27B",6,5,11,11,6
"371010PR27A",6,5,11,11,6
"371750000RE",1,10,10,10,10
"37093000015",2,11,3,3,11
"37093000014",2,11,3,3,11
"37093000013",2,11,3,3,11
"37093000012",2,11,3,3,11
"3705500SOSH",4,6,6,8,8
"37139000NIX",4,6,6,8,8
"37019000013",3,3,5,5,5
"37019000012",3,3,5,5,5
"37019000011",3,3,5,5,5
"370810SCLAY",9,12,8,4,7
"370970000BE",12,1,13,9,2
"3712700P16A",5,6,6,8,8
"3703100STEL",3,3,5,5,5
"370970000BA",13,1,13,9,2
"37019000019",3,3,5,5,5
"37019000018",3,3,5,5,5
"37019000017",3,3,5,5,5
"37019000016",3,3,5,5,5
"37019000015",3,3,5,5,5
"37019000014",3,3,5,5,5
"37119000151",10,9,7,1,13
"3716300CLCE",2,11,3,3,11
"37119000150",10,9,7,1,13
"3717900038B",7,2,1,13,1
"3717900038A",7,2,1,13,1
"37099000SDC",1,10,10,10,10
"37115SPRING",1,10,10,10,10
"370950000BM",4,6,6,8,8
"3719907-BRU",1,10,10,10,10
"3701700P502",2,11,3,3,11
"3701700P501",2,11,3,3,11
"3703900BELL",1,10,10,10,10
"3710900AS25",10,7,7,9,2
"3708100FR5B",9,12,8,4,7
"370230029-B",10,1,13,13,10
"3708100FR5A",9,12,8,4,7
"370230029-A",13,1,13,13,10
"3704900CFB8",4,3,6,8,8
"3717900037B",7,2,1,13,1
"3717900037A",7,2,1,13,1
"370210031.1",1,10,10,10,10
"3712700P15A",5,6,6,8,8
"370210048.1",1,10,10,10,10
"3705500MATO",4,6,6,8,8
"370070000MM",11,2,9,3,11
"37099000BCK",1,10,10,10,10
"3715900014A",12,9,9,7,4
"3708100H20B",11,13,2,2,9
"37067000801",12,13,2,2,9
"3708100H20A",11,13,2,2,9
"370010003N2",9,12,8,4,7
"3712700P10A",5,6,6,8,8
"371350000KM",8,8,12,12,12
"3703900MARB",1,10,10,10,10
"37067000809",12,13,2,2,9
"37067000808",12,13,2,2,9
"3716300CLEA",2,11,3,3,11
"37067000807",12,13,2,2,9
"370950000LL",4,6,6,8,8
"37067000806",12,13,2,2,9
"37067000805",12,13,2,2,9
"37125000NSP",2,11,3,7,4
"37067000804",12,13,2,2,9
"3716300CLEM",2,11,3,3,11
"3713300HR17",3,3,5,5,5
"37067000803",12,13,2,2,9
"371350000LC",8,8,12,12,12
"37067000802",12,13,2,2,9
"3707700SOOX",5,12,12,12,12
"37183011-02",6,4,4,6,3
"37111DYSART",1,10,10,10,10
"37125000WEM",11,11,3,7,4
"3708700BE-4",1,10,10,10,10
"3708700BE-3",1,10,10,10,10
"3707700WILT",5,4,4,12,12
"3708700BE-2",1,10,10,10,10
"3708700BE-1",1,10,10,10,10
"3719906-JAC",1,10,10,10,10
"3707500TAPO",1,10,10,10,10
"37119000122",10,7,1,13,13
"3705100AH49",2,11,3,3,11
"37119000121",7,2,1,1,1
"37119000120",10,7,1,1,1
"3708700BE-7",1,10,10,10,10
"37119000129",7,7,1,1,1
"37119000128",10,9,7,1,13
"37119000127",13,9,7,7,4
"37119000126",7,9,7,1,13
"37119000125",7,2,1,1,1
"371570000LI",9,12,8,4,7
"37119000124",7,2,1,1,1
"37119000123",7,2,9,1,1
"37139000NEW",4,6,6,8,8
"370070000WS",11,2,9,3,11
"370210026.1",1,10,10,10,10
"37119000111",7,7,1,1,1
"37119000110",7,7,1,1,1
"371570000MC",9,12,8,4,7
"37183011-01",6,4,4,6,3
"371570000MA",12,12,8,4,7
"3712700P12A",5,6,6,8,8
"37119000119",7,7,1,1,1
"370210013.1",1,10,10,10,10
"37119000118",7,7,1,1,1
"3705500FRCO",4,6,6,8,8
"37119000117",7,2,1,1,1
"37119000116",7,2,1,1,1
"37119000115",7,2,1,1,1
"37165002-25",2,11,3,3,11
"37119000114",10,7,1,1,1
"3715500011A",2,11,3,3,11
"37119000113",7,7,1,1,1
"37119000112",7,2,1,1,1
"3701300BLCK",4,6,6,8,8
"3714100LC09",3,3,5,5,5
"370510G2C-2",2,11,3,3,11
"370510G2C-1",2,11,3,3,11
"3713900WEST",4,6,6,8,8
"37119000144",7,7,1,1,1
"37119000143",10,9,7,7,4
"370210066.1",1,10,10,10,10
"37119000142",13,9,7,7,4
"37119000141",7,9,9,1,13
"37119000140",7,7,1,13,1
"3712700P11A",5,6,6,8,8
"37119000149",7,2,9,1,1
"370210053.1",1,10,10,10,10
"37119000148",7,7,1,13,1
"37119000147",10,7,1,13,1
"37119000146",10,9,7,1,13
"37051CL57-2",2,11,3,3,11
"37119000145",7,9,7,1,13
"37051CL57-1",2,11,3,3,11
"37167000011",11,2,9,7,4
"37167000010",11,2,9,7,4
"37183015-04",6,5,11,11,6
"37183015-03",6,5,11,11,6
"371750000PF",1,10,10,10,10
"37183015-02",6,5,11,11,6
"37183015-01",6,5,11,11,6
"3703900BRAS",1,10,10,10,10
"37167000019",11,2,9,7,4
"37167000018",11,2,9,7,4
"37167000017",11,2,9,7,4
"37167000016",11,2,9,7,4
"37119000133",10,9,7,7,4
"37167000015",11,2,9,7,4
"37119000132",7,9,9,1,13
"37167000014",11,2,9,7,4
"37119000131",7,2,1,1,1
"37167000013",11,2,9,7,4
"37119000130",7,7,1,1,1
"37001000035",9,12,8,4,7
"37123000OPH",11,2,9,7,4
"3700100003C",9,12,8,4,7
"37023000053",13,1,13,13,10
"37023000052",13,10,10,10,10
"37121000002",1,10,10,10,10
"37023000051",13,1,10,10,10
"37121000001",1,10,10,10,10
"37119000138",10,7,1,1,13
"37119000137",7,2,1,13,1
"37119000136",7,7,1,1,1
"37119000135",10,9,7,1,13
"37119000134",10,9,7,7,4
"3707900BULL",4,6,11,11,6
"3700500003A",12,1,13,9,2
"37121000009",1,10,10,10,10
"37121000008",1,10,10,10,10
"37121000007",1,10,10,10,10
"371570000MS",9,12,8,4,7
"37121000006",1,10,10,10,10
"370190004B2",3,3,5,5,5
"37121000005",1,10,10,10,10
"37121000004",1,10,10,10,10
"37121000003",1,10,10,10,10
"37191000009",4,5,11,11,6
"37191000008",4,5,11,11,6
"37191000007",4,5,11,11,6
"37191000006",4,5,11,11,6
"37191000005",4,5,11,11,6
"3714100UH08",3,3,5,5,5
"37167000008",11,2,9,7,4
"37191000004",4,5,11,11,6
"37167000007",11,2,9,7,4
"37191000003",4,5,11,11,6
"37191000002",4,5,11,11,6
"3712700P09A",5,6,6,8,8
"37167000003",11,2,9,7,4
"371170000W2",4,6,6,8,8
"371170000W1",4,6,6,8,8
"371570000NB",9,12,8,4,7
"370810SWASH",9,12,8,4,7
"37023000040",13,1,13,9,2
"37125000SLS",2,11,3,7,4
"37191000012",4,5,11,11,6
"37023000048",13,1,13,9,2
"37191000011",4,5,11,11,6
"3718100SCRK",5,12,12,12,12
"37191000010",4,5,11,11,6
"371570000HO",9,12,8,4,7
"37017000P15",2,11,3,3,11
"371570000HU",9,12,8,4,7
"3708700FC-2",1,10,10,10,10
"3708700FC-1",1,10,10,10,10
"37017000P10",2,11,3,3,11
"3707700ANTI",5,12,12,12,12
"37025012-13",11,9,9,7,4
